SampleID	PC1	PC2	PC3	PC4	PC5	PC6	PC7	PC8	PC9	PC10	PC11	PC12	PC13	PC14	PC15	PC16	PC17	PC18	PC19	PC20	PC21	PC22	PC23	PC24	PC25	PC26	PC27	PC28	PC29	PC30	PC31	PC32	PC33	PC34	PC35	PC36	PC37	PC38	PC39	PC40	PC41	PC42	PC43	PC44	PC45	PC46	PC47	PC48	PC49	PC50	class	Segment	Scan	Patient
DSP-1001250007851-H-A02.dcc	10.3481524114223	-5.93019252854522	5.42384721272966	-1.62204058116154	2.66919636005911	0.395736980823953	2.05735953462696	1.5135662147767	2.14673876011633	-1.88575336404658	0.686008640158091	-0.894565927829626	4.21014894253319	1.3131617236056	0.989326681076403	0.7808027808345	1.60254996347251	-1.00552478446373	-0.615116487568841	0.202115517929711	-0.371485766339098	-0.054834238495632	0.214975322415758	-0.464527425644233	0.764877302199618	-0.809155038485238	0.753062121922766	-1.02930966692105	-0.141546486760754	1.66468411829511	-0.0851250443767184	0.310765693179554	0.00486152225677295	-0.507951372810734	0.107598544244329	0.047902406198462	0.285262481498166	0.303495807411974	0.312300676792677	0.71284229557666	-0.921776889035353	-0.241546810416596	1.03051181743165	-0.333271231623409	0.332082759308219	-0.0827040642025339	-1.66520912378552	0.615446734008275	0.132809269872349	-0.326526397469989	DKD	Geometric Segment	Scan_01	Pt_01
DSP-1001250007851-H-A03.dcc	14.4503187751155	-5.77275371761096	4.95281240562541	-1.76003767954871	2.41116671775758	0.785348149783946	-0.258331898632247	1.07705024126299	1.22408085636542	2.89866032359642	-0.940589649887993	1.1082221699119	-0.0856068919619294	-1.04676137282186	2.70778976529323	0.22765506797463	0.199252255041705	0.286835659907741	-0.212586375744082	0.983593881708701	0.466786828911068	-0.371861985355424	-1.18284701393703	-0.827210372478477	0.572144198278463	-0.0485234517706509	-0.549923902939986	0.0229544194381833	0.132127195662609	-0.417788056693437	0.556437255448906	0.114984660286024	1.28782846879744	0.405549773739663	-0.917063916270578	0.491041859106444	-0.0934733910353326	-0.724832694749294	1.10397259376443	-1.23004735803465	0.308383658168447	-0.31950240734845	-0.0233870498852676	-0.00200385540716973	0.331614645510151	-1.02990237275498	0.352318903341379	-0.485947889719442	-0.680329378021521	0.0493109418849911	DKD	Geometric Segment	Scan_01	Pt_01
DSP-1001250007851-H-A04.dcc	14.7691593632745	-5.63321884573256	5.58047239130532	-2.58186469441044	3.38484626181765	-0.0296501905385217	1.50318636305574	2.75211778814076	2.25783103537842	1.52825731137501	-0.535034796933138	0.1299244341718	1.01394164935684	-1.25590772861668	0.21378771099906	0.975952701993287	-1.57905123462162	0.332485604089272	1.37075735347397	1.11517750275052	-1.5991372841647	0.53906220569739	0.0606873600687619	-0.0497880021778919	0.720826978949647	-0.516717840032937	-0.102053584998828	-1.40885336794055	0.472060850608101	1.11005637930088	-0.481981349054202	-0.598614697205147	1.00921661619786	0.632389425053844	-0.16541907080173	0.467722075566513	0.590038779478048	0.00922059301877053	-0.498360195460428	0.319668759360486	-0.583597699824876	0.315060419563324	-0.617785724461965	-0.0954007327027802	-0.93836947223643	-1.54577833145363	1.1230389788067	1.25606842092171	0.36457369147496	0.426824814581394	DKD	Geometric Segment	Scan_01	Pt_01
DSP-1001250007851-H-A05.dcc	13.9539715948878	-5.43395601221134	5.73349926074077	-2.11815778245731	2.24654216963525	0.117214750789079	0.470255776772928	1.69498075445738	2.28068632493354	0.608308142844707	-1.01566639750292	1.13484053534453	-0.522849738393919	-0.284475557046783	0.0527594559302448	-0.0845994068699057	0.086986935373019	-0.136208252692175	1.06722432820892	0.924508129841459	-0.231356321024865	0.0626816944488269	0.044304809420005	-0.554003662534092	-0.047699926360673	-0.764938857822937	-0.166508176931452	0.380494624610166	1.06470933403296	0.643621316425117	-0.326745162150188	0.114155934337149	-0.383592224024651	-0.221919425611403	-0.0022274080479775	0.48538039997923	-0.185684222243449	-1.22673771927462	-0.00263196041769364	-0.450478906408627	-0.288724240197426	0.363013307255815	-0.00724094341693245	0.187427094016065	-0.463960632102888	-0.930901127655947	-1.05929843995927	0.130940533937307	0.466917994951025	0.529230589221795	DKD	Geometric Segment	Scan_01	Pt_01
DSP-1001250007851-H-A06.dcc	12.6764667991242	-5.82652936951692	5.6476413321804	-1.7036178736496	3.02514919945039	0.109190924947542	0.911717152811961	2.27642218043669	4.02218151477529	-0.784313479347661	-1.11641219372219	0.262061226150267	1.31143485916883	0.423269351395993	-1.5107953050851	0.927888754874619	-0.73440723066246	0.237969516294511	1.57789183904817	-0.0787210573071075	-1.04818939304616	0.327037067928604	0.380067121035677	-0.00899889237533505	-0.324095785562223	-1.00771665585083	0.224726936255691	-0.544426191423925	-0.409684534160388	1.40994006046734	-0.0355944834812081	-1.31832964363134	-0.102903206732644	-0.521091920548968	0.155770796704529	0.29451429568691	0.160664612325413	0.868023606779093	0.457834536514357	0.382028554084704	-0.423670089989106	-0.335798361761458	0.282441541018963	0.376780370525802	-0.538416445614004	-1.21964779879484	0.567699296962704	0.385517592714644	-0.067315181815231	-0.443740821474759	DKD	Geometric Segment	Scan_01	Pt_01
DSP-1001250007851-H-A07.dcc	10.9833490519362	-7.31215527933179	7.64965643661855	-1.38120493267631	2.23427200420956	-0.135931248216794	0.602881847252798	0.727786494939054	1.24743930855835	1.00144952416649	1.18206652472466	-0.00324322069931265	2.16999915007963	-0.749774786853864	1.77470769279719	-0.528663830449253	0.710669274580125	-0.0585479495276205	-0.11077573373446	1.10054461536848	-1.91917639387229	0.172292093370075	-0.57197340433865	-0.814440072342641	0.299282437838841	0.114224174669033	1.15861494654883	-1.87663379169824	0.314215453048545	1.85479752628799	0.550135908954597	0.0115562461122818	-0.336897891566001	-0.453852206372261	-1.261924690374	1.69940768338135	-0.166487871426171	-0.385097601658824	1.46576945696845	2.09331388931392	-0.0489646105263815	-0.654507225572629	-0.377102532059327	0.27831895684901	0.107489764183517	-1.3820075945018	2.17849089775749	0.60351369914279	-0.676654429181781	-0.91975660874186	DKD	Geometric Segment	Scan_01	Pt_01
DSP-1001250007851-H-A08.dcc	12.5208588291059	-6.61450481024991	6.52840355942052	-1.76393882224984	2.25338088575679	-0.563374866230367	2.60343813791422	1.99438252585177	2.17655634341023	-1.5616602870448	0.327891217328437	-0.322109593094005	0.243072379224807	-0.57369462213777	-0.565481871817679	0.233333532997753	0.0402140929872272	-0.803352034246028	0.366034656331665	-0.222137095015287	0.219417524314266	0.0322747914462014	0.248372989903937	0.300286484776578	-0.0652620922015525	-0.902622452478047	0.666898938433427	-0.326569281421984	0.0634874208841396	1.10745740421778	-0.146603079784845	-0.0363768051671145	0.0445169507292432	0.283110369412534	0.0313738770167893	-0.0765616438138402	0.597156468761606	0.75301889215635	0.0657912033260838	0.197241066237268	-0.489080205320952	-0.193500260925724	-0.105724902305568	0.215734580621109	-0.0615083064069528	-0.263366066274967	-0.086750918339718	0.571845082260175	0.24318327702422	-0.419901245612541	DKD	Geometric Segment	Scan_01	Pt_01
DSP-1001250007851-H-A09.dcc	16.7071316922384	-4.9869706638679	1.95305304307681	-3.2409747784994	1.30099420043505	0.898074714162693	-1.41260649642875	-0.685323978254971	0.629540716459781	2.33305845749536	-0.596636418152957	1.81494599696669	-4.09874125086431	-2.13704923143439	3.54173670054235	0.325716250425165	0.829785514063654	0.878729126832708	-0.380084563307784	0.691153378595032	1.34794722439494	-0.978845769440821	-0.317456372418135	0.681782024865505	0.560226394681975	0.463238332175632	0.334493267401772	2.45155579914072	0.28407356202865	0.0142078884259213	0.105351090468057	0.498316265210526	1.40785799237182	0.686101477830532	-0.267319588948176	1.8543309314577	1.55587499201487	-0.151781057164206	-0.551862365135921	-1.45938178806283	0.352619662809735	0.37035362690086	-1.13043629421737	0.929110502470847	0.6253506305471	-0.257552973002526	-0.192820743907987	0.33593159755026	-0.161738701528062	-0.531048432613317	DKD	Geometric Segment	Scan_01	Pt_01
DSP-1001250007851-H-A10.dcc	16.5831264246685	-5.40444850375993	4.4360111418499	-1.79340686859923	2.61998341327324	0.0964255514374266	-0.0605554344778131	0.626954772737912	1.4324672043991	3.27118857723791	-0.59017910457637	1.28513179967696	-0.913276404629747	-1.32679506229119	1.16405702467328	-0.199466861891488	-0.290414698159914	0.198672824945526	0.757599353407299	0.971451756393305	-0.649246437521447	-0.0475697992774639	-0.641283627894816	-0.377990330920952	1.23506528682585	-0.0832200678064573	-0.711789473434484	-0.905781737016508	0.640665969153044	-0.433418181828617	0.271949493615003	0.828673741316722	0.519985422589522	0.193136946954016	-0.617904605720444	0.677241015721753	0.108505504487126	-0.193460276596341	0.207146833387465	-0.399964258463833	0.073064152283755	-0.65868943586331	-0.467000453572091	-0.294493422412653	0.0110830033084903	-0.523894514372502	0.680592020241718	0.288120386212955	-0.497980826395766	0.453290883884668	DKD	Geometric Segment	Scan_01	Pt_01
DSP-1001250007851-H-A11.dcc	11.0014306348581	-6.68299487270035	7.69094050950274	-2.02714631857373	2.57854263575676	-0.0156883180048761	2.46024688662424	2.05741531288178	2.32997583921867	-1.06876753925348	0.204104158383548	-1.05669472045765	2.91013646397279	0.765219943298276	0.135995262611824	0.25558110269319	0.0886932693539329	-0.566986706044543	0.062228506296445	-0.234241198297918	-0.369261206676955	0.62871695641214	-0.0390484838275767	-0.99952890057557	-0.350548732616941	-0.58895552877257	0.431694214629992	-0.702905451659579	0.00962515428780731	0.223044323789237	-0.349922658516682	0.270727329052751	-0.0126164489851462	0.518488799668764	-0.0444347461539063	0.511178674077882	-0.0467919867552887	1.0746140898375	-0.52339690801921	0.250713374935756	-0.500628040219015	0.346776289530596	0.285983155209322	-0.786771279767507	0.320292604276449	0.234224404362849	-0.448863790115054	-0.187825076610392	-0.120800681229516	-0.150169197908882	DKD	Geometric Segment	Scan_01	Pt_01
DSP-1001250007851-H-A12.dcc	13.0469599053294	-5.64634017655335	4.34470950986979	-2.44912037892296	2.02700802505815	0.0127967189708307	1.8437750525368	-0.0218767570116762	1.25846261210529	0.399514136791898	0.397371463235808	0.198564238718652	0.609866693552938	-0.442946752860387	2.18735336034476	-0.529537178143478	1.0027643250291	0.137344941106335	-0.298289953941187	1.46753498421183	-0.592353405614089	-0.0575427999444945	-0.649027315883877	-0.188783134357345	0.824535715349932	0.567289997826978	0.462081649073475	-0.980791347037043	0.481577393414101	0.525142401428857	0.234505720571863	-0.711941191435669	1.4575313918436	0.118163796774901	-1.05742051561938	0.218464083116101	-0.503495785050235	0.965755056875862	1.52455793079619	-0.904964502887499	-0.842345717378651	-0.486355595877357	-1.35720764957698	0.648640934071644	-0.228051835460685	0.322249403643511	-0.674885156948829	-1.1806097608013	-2.03080155840768	-1.61264020597158	DKD	Geometric Segment	Scan_01	Pt_01
DSP-1001250007851-H-B01.dcc	9.15384112730453	-6.05269741565466	5.99982980597176	-1.28329686049191	1.3942712965814	-0.0497866719891578	2.42682099378158	2.27007159002744	3.46806644610368	-3.37538927998687	0.261471594132097	-1.1072151655443	0.574530026345968	0.708838827104669	-0.359727829798227	0.325560554754139	1.17821841586458	-1.75961363801402	0.714980049173852	-0.359320563050149	0.389114940127428	-0.538406213541337	-0.974914325382713	0.411885808113182	-0.487795582687788	-0.291446710113863	-1.46257743502393	0.0818764977644364	-0.703570462833438	0.606355992297689	-1.21501180446688	-0.561698736231348	0.00308665116549132	0.208450712775078	0.947718803127067	0.703462025003272	0.536480794740177	0.66242047148649	-1.1343965654545	0.00674483033127616	-1.00691591251959	-0.273467080728678	0.0607019057867825	0.113587057992197	-0.317960772090583	0.531308190075844	-0.375794509568429	-0.0126366222673848	0.508987029456522	0.483569030244377	DKD	Geometric Segment	Scan_01	Pt_01
DSP-1001250007851-H-B02.dcc	11.8257683024237	-6.45039458936627	5.38056282725924	-3.14661517183601	2.24154205093734	0.782011189421848	1.34123289674346	2.42735251320854	2.77138560890416	-0.504294892506127	-0.386957687902367	0.904204219841175	-0.481662334190059	0.202576073684867	-0.412181904891816	1.16468209027501	-0.638506320903284	0.828111231981649	1.19327793478118	0.0576111515602741	-0.357083538319404	1.04490440780664	-0.521287232320194	-0.0638284401918038	-0.402523687790499	-0.131341267108436	-0.773058650768044	0.298400483935331	0.203927895509495	-0.158901846656941	-0.520783144264121	1.10420149720861	-0.34842401157222	1.35650907450177	-0.0146057557806233	0.171990907303014	1.23500573104379	0.554770250667762	1.2052256048768	0.527105563262279	0.586255902629527	0.109528747184953	-0.0758334410367684	0.13383552065023	-0.619588511238632	1.13253452267348	1.73974305175018	0.111699530233994	0.446793676473675	-0.778653995539375	DKD	Geometric Segment	Scan_01	Pt_01
DSP-1001250007851-H-B03.dcc	13.496400750814	-6.47428259026723	6.75200073853668	-1.22090619017844	3.55413821703562	-0.34360483376788	0.759117082992544	1.83846847704342	1.96200673018156	1.10407112458984	-0.408153878782212	-0.113622770475917	-0.915411743653074	-1.53955015461409	-0.197133840910033	-1.07957422477276	-0.360223460338376	-0.0354336065302813	1.28792203678354	-0.538838376513141	0.211255525920224	0.154159493257555	-0.826138864533714	-1.41728866970059	0.647842466257984	0.0439844468698264	-0.997308287061703	-1.2017788492554	-0.141823405776126	-1.12927231087987	-0.610089218381676	-0.387608941598185	-1.74662446240394	-0.0596255776216972	0.438775495775641	-0.181156626418499	1.75920825326263	0.843669268151509	-0.37054601904021	0.211987569136901	0.807066702273541	1.4598277854999	0.381106818806669	-0.893885680465231	0.539885996256355	-0.437429808657496	1.10677439835186	-0.425162650457941	0.403905050310614	0.759617043017727	DKD	Geometric Segment	Scan_01	Pt_01
DSP-1001250007851-H-B04.dcc	13.5130565184121	-6.85918532614278	5.24835209745439	-2.15507379665994	1.83341732820596	0.407963773434757	2.22379270693401	2.87780189934822	0.80357140077048	-0.55406657994783	-1.29520668138836	-0.180368851042333	-1.68500923435916	0.390664138572022	-1.20834483376036	-0.133637190392631	-0.886068721856065	-0.27742637322761	1.31256872264189	0.824083986679851	-0.292996625651974	0.32618303447003	1.05551571827137	0.410263380969406	-0.871325229132106	0.597114300995477	0.461877714999906	0.401298706984775	0.137713720690423	-1.0973501967223	0.0300545138941299	0.159236059383616	-0.535729329777486	-0.294859998693802	0.772007664831773	-0.526299479814234	1.19529808970553	0.979789679707622	-0.13791256202765	-0.283666636104446	0.587658413800325	1.18944716622529	-0.247380193042699	-0.305930788913622	0.847510078352345	0.843628288341375	-0.585290235416521	0.297919083785721	1.08426302730321	0.316571314262079	DKD	Geometric Segment	Scan_01	Pt_01
DSP-1001250007851-H-B05.dcc	10.9354444738438	-6.97600130055133	6.74442635818771	-2.79818470555415	3.66077274639905	0.563577445405267	1.96126402423738	2.41775022679102	1.75737109928978	-0.386942012065704	-1.16340822930885	-0.764492037180071	0.501362098054348	0.133886801781238	-1.92137564424748	0.330258509331983	-1.48791534854334	0.86174902334078	0.734274209807156	0.632479045449955	-0.795843021551646	0.594615931389185	0.581541508317149	-0.414145705912185	-0.614397102389515	0.367097143067054	0.12974288358158	-0.448234535426971	0.127568641014292	-0.768643603500891	0.514725988778008	1.327721682766	-0.486791866922883	1.16778446420454	0.695843114453673	-0.325786474662688	-0.846573293765461	-1.4281027102747	0.695691125489923	0.107037000884129	-0.583508555136127	0.0773809036361428	-1.23217081898569	-0.568172622281546	0.133237705117744	0.965898878869246	0.741679773720535	-0.731422495152876	0.0796417478435317	-0.492155935517687	DKD	Geometric Segment	Scan_01	Pt_01
DSP-1001250007851-H-B06.dcc	11.5272384543523	-6.9789342390611	7.5688439237738	-2.51664206540505	3.04228943883608	-0.742165107200784	1.0630010671272	2.18090932145625	0.633555864421004	1.2469768668932	0.0906357654351175	0.949391025428898	-0.964736775340618	-0.907888743211759	-0.242317575965377	-0.680395729843261	-0.186778904246168	0.251437251536457	-0.0754953123972314	-0.508665984289653	-0.47034575685677	-0.445587825884846	-0.510693807003289	-0.245291498482557	-1.24822088072397	0.32874589207781	-0.797788579079607	-0.310086502513465	0.332593116716875	-1.24723733112644	0.158020477389986	0.400752503216436	-0.816090480456226	0.576488441641989	0.931207173664269	0.639150425970115	0.18041650282836	1.16231798015656	0.531699097714506	-0.819116808807786	-0.332691637041163	0.46358469270264	-0.356392017970816	-0.200882112378585	-0.101236816064962	0.911865149819313	1.2871584937276	-0.277779078873338	-0.444502250520299	0.39453632559791	DKD	Geometric Segment	Scan_01	Pt_01
DSP-1001250007851-H-B07.dcc	11.4954898570571	-6.77222937125593	6.17386527586539	-1.8435284758927	1.65794968199433	-0.694395610796824	1.74804009844303	2.46948723618524	1.97809667644777	0.0816815834008644	-0.237544260082785	0.329960408740627	-2.03871586804037	-0.661917178513248	-1.30762888915009	-0.337667868723605	-1.23327328452325	-0.74535250138971	0.0830313465333678	-0.201438659526255	0.488431001303797	0.232084407075807	-1.50249430287847	-0.343910596116635	-1.13710497819868	0.319105206851146	-0.357207294447299	-0.519498844552908	-0.374955303663496	-0.574544785190878	1.09021982697095	-0.140186740010375	0.897472680971827	0.437097456798595	-0.459157996442271	-0.663708820687524	-1.6999179209138	-0.618646523637403	-0.173313833962896	-0.774781558604069	-0.178460810777235	-0.0275644196589493	-0.0462114236834632	0.864395909120987	-1.16129001593745	0.494536241410502	-1.27734520494019	-0.828829442363224	0.66049409536343	0.416084174090296	DKD	Geometric Segment	Scan_01	Pt_01
DSP-1001250007851-H-B08.dcc	12.6609157145484	-6.56734008275918	5.40371588284008	-1.45753987911438	1.90264075469914	0.186330358275496	-0.404803274862562	1.26798683616671	1.55739553828423	0.244473651367937	-0.291682780410351	0.752844096676593	-2.05384220269868	-0.940777545913557	-0.0695266565325667	-0.0753495434876381	0.857175885327969	0.16014712068504	0.660851377507374	-0.492990435387573	0.145508746213748	-0.914604029175136	-0.25610574132317	0.849155988248545	0.126319508107231	-0.198158955663232	0.294789982362309	1.24423673207761	-0.0120169397256265	0.175904175915796	0.0869206603601584	-0.445542830121308	-0.699016350178579	-0.884496756090263	0.303232162683599	0.0180139579933649	0.44817919021742	0.847121494980753	0.749813401166618	-0.087323277976328	0.673363059075824	0.408249916266157	1.1689224872664	0.452463844835099	0.444646427772289	-0.156238713678464	-0.296700886149056	-0.737364081905545	-0.666455895389297	-0.0563091300870884	DKD	Geometric Segment	Scan_01	Pt_01
DSP-1001250007851-H-B09.dcc	7.15141177090357	-6.6967331855477	7.32992028745768	-1.85813814877099	2.16606276497766	0.46975169012294	1.80573523676901	1.22811625256428	1.26987528343971	-0.816414516359967	-1.55405532207915	-1.1181280821883	1.72317600236983	0.0855829933801947	0.0265154451465713	1.24569238149684	1.76792134771177	-0.282641569297027	-0.164078876680658	0.647879511146222	-0.809061789548935	0.172261993723139	-0.72879749578213	-0.203683315162929	-0.401949474217078	0.104806978011106	0.958129255695874	-0.382585671893356	0.613662264296178	0.0191069782145396	-0.160003403416862	0.667332561279525	0.97591744045784	-0.67049900417565	0.22504124700829	-0.165363433083247	0.814780012603063	0.929873187359316	0.467195288318872	0.892256405241683	0.39949342708349	0.204732976695256	-0.661717924688986	-0.669095920327688	-0.339198113184831	0.205933398241602	0.781633709244826	0.541479352274074	0.380779325096744	-0.0596197706083875	DKD	Geometric Segment	Scan_01	Pt_01
DSP-1001250007851-H-B10.dcc	13.1696454727155	-6.81333979516011	4.21987092533886	-0.637993744585816	2.02775308248764	0.933016023416067	0.626960771098895	2.24352012216382	2.96363561921025	-1.55299681044245	-3.08001833582841	0.0465790917780304	-0.60725797691925	0.123671664474349	-1.56558379546538	1.14818484747521	-0.456760800959234	0.615149135036905	1.22661120116114	0.197029468636293	-0.354024225475035	-0.184157314002989	0.342490881691354	0.999108367188221	-0.201157238056777	0.264562446306108	0.0481498271167453	0.598677254398089	-0.904404338289334	0.624364043131777	-0.521148850450935	-0.307111659216653	0.892230442005087	-0.602441851974682	-0.146439435565378	-0.580587420761309	1.13802460520855	1.00564167973141	-0.255044033068286	0.463700202632343	0.157345203900708	0.737313963082019	0.798739848890649	0.583926114695135	-1.30114486592253	0.160834868197988	-0.59425771717747	-0.244565806023475	0.494238171090173	0.130767018155966	DKD	Geometric Segment	Scan_01	Pt_01
DSP-1001250007851-H-B11.dcc	9.80759210055367	-6.26145609717305	6.09849021592626	-1.4250173892731	3.10731165398588	0.870125360396679	2.32073214723462	2.35903204999138	0.822365588425959	-0.400952316899469	-2.28599492790962	-1.07449361624376	0.00455872588158117	0.381859187828577	-2.8260037261109	1.15365952712065	-1.57678353811005	0.338996202793828	0.931057723635176	-0.277832100540682	-0.549412540505673	1.2506368534795	0.346757147522417	-0.88891990538415	-0.859076641892836	-0.299828541807831	0.798031862267897	-0.547003264976134	-0.800852469023121	-0.992008328124138	0.326727516880107	1.03472000157335	0.0994548741251377	-0.352646996586218	0.81148664286973	-0.0970924223631538	-0.364935975411744	-0.422006103415141	0.761217043735484	-0.56780898554251	-1.23522645867366	0.908695500759658	-0.000638772548900578	0.207936293718167	0.677788813425102	1.21876279138355	-1.29231656333649	-0.278532507807793	-0.253912543894128	0.157214724187539	DKD	Geometric Segment	Scan_01	Pt_01
DSP-1001250007851-H-B12.dcc	13.3620886407969	-6.10785814639456	6.09161312061176	-0.784047011444001	1.99184188857923	0.423398974880776	1.71561574619811	2.21057216250479	2.95878037419192	-1.42556456656058	-0.0113914319156206	0.28010406245641	-0.905384506590346	-0.4242165399191	-2.02232796118891	0.831165882880257	-0.702922095500182	-0.580556870027156	0.589203450478435	-0.894804049033405	-0.634760930642972	-0.63681101571578	-1.70537337810907	0.872081282646239	-1.31900666494574	0.315876492074073	-0.464833960130196	0.145318002931746	-1.19869382644522	0.843162392914344	-1.89222747547568	0.0121631458990701	-0.603467444097536	-0.934888860899538	-1.40536644380341	1.13174497896673	-0.986604456637309	0.906292625102426	-0.222417299557545	-0.987040699533579	0.813765071172871	0.553817771248567	0.911612260761972	0.322322367881449	0.401091569971917	1.38291902147721	-0.191723345270901	-0.00446488797918219	-0.519370491016648	-0.736151500334634	DKD	Geometric Segment	Scan_01	Pt_01
DSP-1001250007851-H-C01.dcc	14.9867435828652	-5.98500226813284	4.59617190964146	-1.36132921935816	2.36436222492932	0.752438214544111	1.30123327001989	1.12137939540686	1.93999637035804	0.395446097043742	-0.835744526164275	0.316857459674675	1.02265143234213	-0.702779944636497	1.6472519094984	0.980660969416238	1.270241920749	-0.147994047400226	-0.657231795991748	1.01795061590407	0.149768145023819	-0.876653044338664	-0.40507364136012	-0.433920271498648	0.377486976949907	-0.175899348081628	0.130379544099345	-0.125139846839823	-0.0158851571428436	-0.130679235445945	-0.463935544093181	-0.257494911217732	0.702611621396835	0.0219559055851412	-1.225976817949	0.306904384616357	0.136998109745095	0.819349163356114	0.00758620919340436	-0.656139486702579	0.426336808878294	-0.155832413066711	0.620263603990201	-0.959515563997038	0.945485915551637	0.206926861968311	-0.914304534615922	-0.00766152503159882	-0.381298179099896	1.08768254899953	DKD	Geometric Segment	Scan_01	Pt_01
DSP-1001250007851-H-C02.dcc	16.3057208949645	-5.94960680271667	4.53057540502412	-1.7784781107368	2.52839688951061	0.0485910590465394	0.951087573281912	2.09816614615182	2.78245536013054	0.835194738572461	-1.7388160460009	0.458675376506792	-0.13049256960288	-0.606249446963003	-1.81414639567696	0.736997279216715	-1.36170785130311	-0.0099428043584998	1.04328204239952	0.298331667600514	-0.561840079097323	0.00830736880100977	1.53138633077709	-0.906247441536923	0.0179388602393036	-1.07141396321919	-1.11350386826053	-0.237866983163456	0.720470783316944	-0.174396055149001	-0.353784399118754	0.017459488637172	-0.515193996112455	-1.66277102514194	0.375008895941167	-0.882297985528074	0.22320966044864	-0.237449921247605	0.114095843519037	0.718671751322951	0.827882679879125	-0.0922360713961381	1.75337539482837	0.56655953126936	0.252908980462972	-0.847027810645434	-0.211796018602218	-0.984513664417908	1.33680090051886	1.71360668139947	DKD	Geometric Segment	Scan_01	Pt_01
DSP-1001250007851-H-C03.dcc	16.5912327441911	-5.67418562955762	4.07263217799783	-2.58265753581271	2.47085270621136	-0.551849821905144	0.675161224742392	2.13066713184717	1.77213606854913	0.243129539162673	-1.02767435068704	0.390167786431192	-1.16799193011787	-0.883091174788972	0.475815805019798	0.541481140050446	0.0511704707657399	0.0613547953827897	0.832626949367184	0.603418242357955	-0.253917774463522	0.171169845715659	0.230029987000201	0.724223209986326	-0.233865353063626	-0.339439752373658	-0.0827532539909611	0.153765344969783	0.175223568105502	-0.402893239262613	-1.06429798435159	-0.192086218016109	0.516391305168216	0.230551915253571	0.102966026616236	-0.228551634292773	0.121490214613687	0.0302464934897031	-0.465371317956966	0.121028876433848	-0.0259904817008298	-0.00241885624690256	0.442881264849085	0.370737980585326	1.00120104170158	-0.338002486166277	-0.471738155951557	-0.154462387761775	0.784428245223661	0.311761738908921	DKD	Geometric Segment	Scan_01	Pt_01
DSP-1001250007851-H-C04.dcc	15.644520364209	-6.99905602451378	5.57923322762629	-3.29138694012387	3.34446890575419	-0.923072627195283	0.0668826249894828	1.83279426720037	0.251915087297608	3.12256416296159	-0.628165772396454	0.925656850626212	-0.324399088464435	-2.0213405690842	2.45870766798829	-0.618649307184014	0.429281652735702	0.423403714105089	-0.828029356809155	1.22986480427026	0.271959965267104	0.452531174731717	-0.600737639479433	-0.22903809748873	0.246657898723643	0.26408951256448	-0.728420920241483	-0.270083624909901	0.567017374543075	-0.876862655959077	-0.00439504263885936	0.720350043131278	-0.676060381311441	0.91956335338488	-0.967396004949424	-0.656706234659951	-0.637605378506327	-1.16158848078481	0.817136707827469	-0.289519296369875	0.784901051505971	-0.177861101354655	0.714259043260077	-0.33504512100114	0.617808256485386	-0.821014503890092	-0.403258637381691	-0.255283803170207	-0.321690154103539	1.14543248288572	DKD	Geometric Segment	Scan_01	Pt_01
DSP-1001250007851-H-C05.dcc	15.6770610397584	-6.43601138912475	5.8311125023904	-2.97949845293727	1.86695961551853	-1.53985790240244	0.488909897822389	1.13031434582883	0.488059062788088	0.266713322102471	2.83048167854863	0.745042221193961	0.553226262449212	-1.25668546699071	4.66088804872596	-0.954200097889019	2.63122860556272	-2.36746266220329	-2.72594398522305	-0.124672797929417	1.05670380611924	-1.39651573968224	-1.64380524443175	0.806283621879495	0.661016641111762	0.44937651889428	-0.143321346126888	1.63090898158322	-0.143468802113436	0.566923460025602	-0.594409394224343	-0.278423182576173	0.364460979930467	-0.416647770693493	-0.170955232582621	-0.331039058845315	-0.450716043013486	-1.2849898879167	-0.452018159995276	0.138164225260201	0.375002926939533	-1.23622326137674	0.856792596310036	1.20191622990892	-0.384676999319014	-1.22599105377698	-2.33348120740306	1.65355210766115	0.213426422305059	-0.665731116854716	DKD	Geometric Segment	Scan_01	Pt_01
DSP-1001250007851-H-C06.dcc	16.7184298044644	-6.72761258231392	5.34025251170841	-2.84273345184381	2.30785357445917	-0.287341562373393	1.99650674657166	2.41699707629593	0.643733817918426	0.283078756966404	-0.0437804028891236	0.726515775931873	-1.48189431071037	-1.063145077721	0.0368158886255563	-0.823789136156336	-0.483494778794057	-1.03377978255022	0.475943271821136	0.547103094364855	0.488155594271275	0.331880019661758	0.726276698943347	-0.601641239566126	-0.179754372808	0.607619677333016	0.315917490504847	1.71240392758098	0.224642919583072	-1.37809086046468	0.616672845517118	0.682488378804323	-0.231164804502469	0.747157602278289	1.01685730664773	0.477564944979685	-0.814896694881318	-1.00704297938158	0.408588411632763	-0.334948479244713	0.308196475820713	-0.499774739164872	0.46062839756952	1.3315880221451	0.488272400120558	-0.411125220062395	-0.288339656074625	0.213130636500676	1.4195441119045	-0.143872084899771	DKD	Geometric Segment	Scan_01	Pt_01
DSP-1001250007851-H-C07.dcc	17.2209682214446	-5.96566179900827	4.71927418853688	-2.68485247592508	2.44844281576511	-1.01815374483339	0.0856153866891108	1.50717537806664	0.645765299778806	0.618371402672625	-0.924323298595532	1.67661369080051	-1.39077630709511	-1.1751162439856	0.918748832557889	-0.205142793249861	-0.683104791852091	-0.591937675959592	0.515898084387557	0.204797487144165	0.690481476575812	-0.212251028782904	0.18194611824638	0.35738012328244	0.199396019308542	1.34977516490752	0.510073083879592	1.99152434345048	-0.00299852285613004	-0.243168453223867	0.0499849225295648	0.658703726878251	-0.699494721767388	-1.18034473796112	0.704116096344044	-1.50591829334954	-0.0873337499989075	-0.905752844002262	0.229081110569574	-0.621164044679254	1.22440007727847	-0.792956478589161	-0.770514754894952	1.50882062339965	-0.287953635630656	0.596144771094366	-0.0289056041272326	0.120958578849238	0.623311349001264	-0.0127083401567895	DKD	Geometric Segment	Scan_01	Pt_01
DSP-1001250007851-H-C08.dcc	14.0472914174402	-6.90105474647725	5.76762899651458	-1.58977211169921	2.01916067456882	-1.28148095611604	1.16035156170623	1.48764432795639	0.46984281437765	1.13541677104251	0.142897257080048	0.101915300377728	-2.24374774853739	-2.03448231797545	1.1149367285395	-1.82607375189696	0.611766076111232	0.0486277790097358	0.382976901483713	-0.270686808155702	0.861241385224744	-0.0720769190477154	-0.0116521104926291	0.832162466002324	0.684501838760799	0.67085749351003	0.0640836235509676	0.515520137961241	-0.850072933689266	-0.651379833217029	0.644268218775736	-0.321686743067915	-0.904679156345475	0.538089776510997	-0.0368609089206655	-0.1333891504609	0.839104804514442	-0.699896054505065	0.0653588373028567	0.37641069527288	-0.237524712374267	0.863015290228752	0.369460405081618	-0.364001177214784	0.393089994449805	-0.0733262060028032	0.163401905759532	-0.426654498598116	0.604585704509463	-0.508572750485356	DKD	Geometric Segment	Scan_01	Pt_01
DSP-1001250007851-H-C09.dcc	14.0649507682168	-7.37816843673607	6.48196540401454	-1.2433456973072	0.764791269951704	-0.365886999201848	0.635749239751273	3.47045689218056	0.96121255888496	-0.339018736033625	-0.212734095140842	-0.0392349758242795	-1.3453556273727	-0.929399217336113	0.0967936029954894	-0.63009213734921	1.51087624616977	-1.28437354361933	-0.366882391414579	-0.44304184868754	-1.08183580192783	-0.311450905439367	0.520617438947835	1.14346555342226	-0.757208887188208	0.861738471988064	0.180704610196419	1.91175927437126	-1.50231666849414	0.0682286313845909	-0.268636803386434	-0.352016367966201	0.678471648917181	0.901881838566089	-0.182537538938278	-1.18653782524416	-0.113139018364621	-0.811784014580908	-1.44308840315407	-0.299560323082726	0.351315611844396	-0.281770674036275	-0.357425913899632	-0.320514903920268	0.375891674628691	0.198374253425031	-0.131752161878075	0.203024220785872	-0.220219933661263	-0.63080489756588	DKD	Geometric Segment	Scan_01	Pt_01
DSP-1001250007851-H-C10.dcc	9.72311419377338	-6.76095171698294	6.66734819885997	-0.300531049947825	0.508204718415168	0.259817985398392	0.847447984145969	2.13826010535173	-0.169231382129806	-2.41794037622525	-1.29665510660931	-1.70639016928202	-0.417802062738436	0.718672181280231	-1.32224490216622	1.7163093907756	0.480286920367143	-0.881861271175927	1.31072652961976	-1.05545869171938	-1.86739219352411	0.164952556680268	2.59135723778643	1.06804860417379	-0.958712101785057	0.766461767350594	0.58915974198392	3.25125381234891	-2.18016534100215	0.726362494961741	0.481606271043363	0.159608684781208	0.132961711049202	-0.0693810377711834	1.30455941350943	-0.407292088194069	0.124163157626765	-1.05463147209727	-1.49202523268457	1.4164586432964	0.790415229609772	-1.72621102536944	-0.363053405312506	0.0551318361510367	-0.28172075692978	-0.338733498748626	1.99722241956529	-1.38579160404318	-2.19902524779005	-1.17749349948147	DKD	Geometric Segment	Scan_01	Pt_01
DSP-1001250007851-H-C11.dcc	7.82735509076007	-7.21121925048887	7.61110282605082	-1.72751021018899	0.0785344935827087	0.19047212045145	2.06950896952391	1.67949348560893	2.69710919362577	-3.7628636578588	-0.0467992211146133	-1.21720741272603	1.42881203440754	1.05382919320188	-0.536609476902936	1.56160690363888	1.83430468458599	-1.26288045615545	-0.749261655747892	-2.08347828214952	-0.330968607716242	-0.529012844291573	1.81113874017351	0.485506787552544	-0.762911512215926	-0.803303690633919	-1.07567658487125	1.66122930846195	-0.669072222292277	2.81477536210795	0.143739359251682	-0.966092871847211	-0.281253215216789	-0.150135936679997	0.450965292865369	-0.636779481981638	1.27100469724138	-0.146007573779965	-0.906881262357394	1.06570177940756	-0.433803896513832	-0.163723934941414	0.0485202266242633	-0.811028133777298	-0.74428467924392	1.21410444819065	-0.575696746752698	0.173716884717922	0.387178829764476	-0.298475124302674	DKD	Geometric Segment	Scan_01	Pt_01
DSP-1001250007851-H-D02.dcc	10.5890952069245	-7.44218937756862	5.21370469042993	-0.562281817838938	1.57631247764045	0.298392268552978	0.299706351902599	-0.152514753477037	0.40043915132915	1.39626976884788	-4.56264792551855	-0.0471807765164007	0.954727636658466	-0.383364779974983	1.8594061327987	2.17101531932529	0.0778226625628504	-0.931564077139111	-2.04698155315402	2.49491252760031	2.39785589441843	-1.77700560924551	0.48292241319992	0.199448134635511	3.41049673978941	2.44879059700271	0.98442235467985	0.143383325681366	2.41703797949667	-2.12833522342611	-0.460467527720526	-3.27023112195568	-2.44839732371997	2.07855008024162	3.31825027502497	1.1079926066888	-5.70967930862744	-0.654667911126836	1.49380572856779	0.0315215186249794	-0.529444072731439	-0.598273346262064	-1.19727405339739	-0.477607558060683	0.0522746932204433	1.46769510567738	0.89042610914105	1.29439813092735	-0.499712047828705	-0.611489026616379	DKD	Geometric Segment	Scan_01	Pt_01
DSP-1001250007851-H-D03.dcc	12.2216003824439	-7.31048732561574	5.5494517194474	-1.6076846642584	2.06202964509525	0.623279603171123	1.04606229557332	2.85812039744955	1.17144987442039	-0.0823325086279864	-3.00410102409648	-0.910113944715982	1.28443161452483	-0.267898646067951	-1.16158418321466	0.743591807506277	-0.626740792619511	-0.294367576616407	-0.162757069640288	1.00484113344737	-0.054397492307742	0.137477256434193	1.22379774314809	-0.261391390854438	0.382921794400489	-0.475617486054236	0.73946510700912	-0.494667602257834	-0.586422552968179	-0.184601272836948	1.03798365184647	0.830144461803994	-0.368658407376932	-0.400095886461335	1.41580081555081	-0.839134293862723	0.623003971622889	-0.188577991891284	-0.161208710259804	0.201922460651404	0.486216885605778	0.995729892444321	-0.43080417289049	0.142253239435719	0.896002490755775	-0.209281955946639	-0.382947547838278	0.233202218229252	0.230607909421463	0.714048244471313	DKD	Geometric Segment	Scan_01	Pt_01
DSP-1001250007851-H-D04.dcc	14.12660555746	-5.23063895546622	6.57192888551377	-2.45652994265611	0.716771873964748	-0.208716581566775	0.881039794820269	2.23530744742227	1.58512835079714	-1.72120971180878	1.13158542962731	0.623530312116535	0.856258248451656	0.283154082125756	0.820413075858454	-1.38848539013044	1.17533540734989	-1.39999238541473	-1.20704377345046	-0.101725867551635	-0.669262460913919	-0.336461031696558	-1.57332631342097	0.0656424056555614	-0.464593311268004	-0.526332371517907	-0.316875596142589	0.426109798263225	0.536432438849248	-0.334278080568974	-0.33881350896482	-0.0237612584294768	1.1757487226118	-0.369914466009805	-0.396413076418387	0.335003123647159	-0.220400509508644	-0.402248156806166	1.05500093332054	-0.677607559797165	-0.152185948266986	-0.215761608251706	-1.07049033070852	0.427491358256613	-0.642798080016132	-0.161949749975085	0.197947437274339	-0.682476429854797	-0.494216619467991	0.369281616676817	DKD	Geometric Segment	Scan_01	Pt_01
DSP-1001250007851-H-D05.dcc	13.1986568011507	-6.49555360373367	6.16575732251398	-2.31418459969536	3.30414522627151	0.388890502865375	3.13926297956276	1.18454820544402	2.10461898506485	-0.918096161562559	0.417942422879258	-1.50271345799398	3.96449360772468	-0.101382560811199	1.51021685914309	-0.730842340983291	0.782890073073142	-2.10399372665929	-1.09264399312231	-0.618775262741329	-0.176157125909198	0.395183626454682	0.941748079382938	-1.36254258983887	-1.04407269252144	-1.95055843990342	0.544094922626264	-0.663021753099134	-0.491218386242032	-0.882187395147726	-0.385472169045206	0.0768217563052271	-0.149436671593443	0.393718892805713	0.634323197393114	-0.260920292383448	-0.203677678375257	0.956501847037467	-1.08865509193172	0.314627009464345	-0.937860193603573	0.740833665304309	1.09736028711269	-0.0143072851457398	-0.749812515964169	-0.0542697624891262	0.306884847723917	0.300616465540202	-0.169517393464289	-0.5204238032593	DKD	Geometric Segment	Scan_01	Pt_01
DSP-1001250007851-H-D06.dcc	16.9785343300449	-5.6054337927767	4.05540912115283	-2.1693323577584	2.7134648888743	-0.318175828977757	-0.476076652230311	-0.263361715246134	0.519574843121477	3.71015931730466	-0.765737540110139	0.761745762302802	-0.299341970032461	-1.48467207275282	2.97785142980544	0.33888810995213	-0.606469165078651	-0.577710118593681	-1.47875330316873	1.62565482697598	0.0464012927122681	0.259626162316236	-0.741169931104789	0.441873912986538	0.547205441721466	-0.15613859016474	1.27444090213506	-0.896994253663477	-0.199942625134679	0.40566602540096	0.509876353550297	0.318158115649147	0.0969806884126839	-1.24033023829778	-0.462886433090499	0.355280026516379	0.00356989725042095	0.0419728899119943	-0.278457060261879	0.277833100137868	-0.762677266840951	-0.407955287558845	-0.895443582256644	0.20276308368263	0.29457263873841	0.0330535914687326	-0.145215681324485	0.614195230595147	0.353338901596141	-1.36920553753735	DKD	Geometric Segment	Scan_01	Pt_01
DSP-1001250007851-H-D07.dcc	12.9925091664324	-6.82674427250066	5.79549661060369	-1.38590002066681	0.804340061264331	0.589838019053073	1.66568692819331	2.11671904822088	2.34948942556419	-0.187171620260711	-0.415778270777925	0.0974424440190358	-0.92319767069511	-0.104177338432647	-1.56396069399826	-0.13996380802471	-0.31109558971828	-0.0703365760887063	-0.0760691435056026	0.461583987800768	-0.0296823580014598	0.0581986704006315	-1.65195188418975	0.293825551692377	-0.0137587028824199	-0.160011557578332	0.491802313459753	-0.85931596242264	-0.566989522753232	-0.154523165142993	0.629982504002684	0.0678197174997743	1.11019572560053	-0.569826271385986	-2.00938593073107	0.160569685051758	-0.240025377078324	0.0593186413817188	-0.0189023338187704	-1.07243638799878	0.116555602357027	0.77840051994111	-1.12603888105723	1.19112256793065	-0.665470823841146	-0.186050974650749	-0.160711171784184	-0.991857102153098	0.0610429618748388	-0.0916857213397071	DKD	Geometric Segment	Scan_01	Pt_01
DSP-1001250007851-H-D08.dcc	16.0918831351478	-6.47500953156979	5.05430806228717	-1.80682969007215	1.65299298459947	0.547961661586728	-0.703646962766617	1.68939297746443	1.4583096933507	1.39488479343559	-1.45330087754196	0.0247318198698005	-2.45219243473223	-1.65861773781489	-1.15504937005769	0.996338210549449	-1.4856749194032	0.0432454352555636	0.703222666406336	0.511185852018181	-0.366466096710354	-0.195804049553837	-0.0701862881562765	0.395062378774345	-0.2001555501793	-0.43378665687837	0.062494366300957	0.0956448849099552	0.619749035123567	0.568236807571169	-0.43647845625193	-0.208852110833054	0.0791826563471906	0.789870401705667	-0.658850269719641	-0.369026056319913	-2.3197527001288	0.531440744722853	-0.505274344656573	0.337937636934752	0.736313076578329	0.961242911198532	0.217407206506916	-0.68913669372254	0.495183618939521	0.451964749644924	-0.984792182051352	-0.5481001274915	-1.17428780953731	-0.0656896784993205	DKD	Geometric Segment	Scan_01	Pt_01
DSP-1001250007851-H-D09.dcc	14.2791147524275	-7.60587407727261	7.07539422135015	-0.738427688390135	0.981079979063114	-0.895510220358106	0.0291723942365156	1.65278275337839	-0.905001938293375	2.59641646550228	-0.171107669081503	-0.0409636866882192	-2.4559664982194	-1.79315890096206	1.37899387967503	-0.837039581876491	-1.18020971168284	-0.719921214616867	0.764137689860612	0.774048128772921	0.247448405648591	0.29099945684955	0.0513097672873155	2.24041884891365	0.486473280001307	-0.304757198168432	-0.190878153473076	0.666165066063677	0.0659129688374292	0.233182192170159	0.360820907114431	-0.0404009991299353	0.962537440697304	-0.347983405235729	-0.574857308054749	-1.65559014009939	0.960864720670247	-0.601677339257128	0.163581781768743	0.530903185401615	0.323075018908416	-1.18605164811725	-0.349563769526339	-0.569932242024524	-1.32508408321868	-0.661433803496168	0.823074769156625	0.950087893112087	0.360409854507131	1.36889770421398	DKD	Geometric Segment	Scan_01	Pt_01
DSP-1001250007851-H-D10.dcc	16.8761371329246	-6.50089029838847	5.75419322085695	-2.00255214189733	2.01333140703425	-0.208219057600665	-0.638495446120433	1.36962324965388	1.21018577968141	2.69756084563001	-0.310230926963748	1.70753080134195	-1.12681269078553	-2.28964388121495	1.09172440398532	-0.7637059238013	-1.52581811539131	-0.257193938753158	-0.670284058534007	-0.393146115902416	0.71373044356815	0.291412501382481	1.28342304465583	0.0549957602557194	0.0111241810381219	-0.579932518748798	-1.03274704655138	0.153637255705568	-0.511957398192019	0.907576688684005	0.639122623488317	-0.435643689080268	0.639323823437358	-0.489503838537737	-1.18906422674717	-0.00669577958230234	0.633993565288402	0.0162051867108415	-0.936403245397955	0.275101034494511	0.0230536169869624	-0.57183467959723	0.489232449601065	-0.0428082795061849	-0.0923311327705496	-0.806686576716319	-0.925681731883635	-0.743341254056605	-0.655935498537353	-0.338519017122379	DKD	Geometric Segment	Scan_01	Pt_01
DSP-1001250007851-H-D11.dcc	13.8189436287271	-6.24959137312331	6.7849607749622	-1.7358097488901	1.47942511513425	-0.426665885113885	1.11173092746029	3.10980081711304	0.742530641236216	-0.422874804316599	-0.135821955713309	-0.155074186527219	-1.11435633339843	-0.868003974960977	0.397933091028469	-0.544288097944092	-0.655768905599943	-0.838695117513876	-0.789205809616902	0.316882751219281	0.147713949531677	-0.414529770409152	0.246073165134645	-0.102520669425183	0.139968665378116	-0.54101566332565	-0.215256239896805	0.20541113810103	0.883478838012792	-0.867798152267495	0.146131392498765	-1.23260569730592	-0.463926956106603	0.15503471129992	-0.00475956866540153	-0.958041873048624	0.20175617364263	-0.710884252180296	-0.428733123001233	1.33571019164141	0.537406721998176	-0.483516012596809	0.882886255987255	-0.302437323374711	-0.873925868969055	0.384348231385322	-0.266761670732675	0.611482234400746	0.653605746930395	0.51362340063266	DKD	Geometric Segment	Scan_01	Pt_01
DSP-1001250007851-H-D12.dcc	14.8744450259349	-6.6129384129788	4.09308886436772	-2.4829489771378	2.00002041337599	0.149634965840823	0.625774113102892	1.13071118395656	1.26388517192061	1.5919224160265	-1.75969661402291	0.600170826835647	-0.228823215526763	-1.0027629828726	1.27994728098979	-0.104851304028785	0.0759676078988951	0.203817363200039	-0.00706735557779863	-0.0109262942887181	0.603220735111615	-0.178818247433229	1.26496392122384	1.39750720243672	0.798447542476757	-0.188243496980377	0.472551331419606	-0.245741985285862	0.469899681043593	-0.58306542383495	1.31040213989286	-0.0552448428778612	-0.259015326933746	-0.0161928793455251	0.947706566574152	0.562196683246503	0.581689802331556	-0.414334561267557	-0.86969576266852	0.175461815232402	-0.27343141812854	0.651283298935607	-0.607662472527404	0.120642716517183	0.683560808815324	-0.0524056322961834	0.0278828220706578	0.358125044146148	1.3413343556938	-0.598945662708234	DKD	Geometric Segment	Scan_01	Pt_01
DSP-1001250007851-H-E01.dcc	-27.2307053187331	-4.16269098591699	-10.0409744820425	-10.1543506690073	-5.44033924798496	-7.82782521233179	-2.76910077280357	0.961120597017842	5.72459466249961	-3.22827819098259	-3.37576182357647	7.07197720765052	5.45258459986143	-3.68440895315002	-1.40621409616633	-3.46886053776506	-0.462274611868261	1.90243249512044	-1.46372792037584	1.10680296789001	0.859527863945036	-0.0073809456408282	0.982901162347422	0.259687264431853	-1.17596791547133	2.06510713343924	0.63238698123409	-0.253870145370195	0.473649417198887	1.08658520900325	-1.8955693536507	2.09972110883267	1.24159622892328	0.713370925311906	1.8535206119772	0.443267773738391	-1.16211272764673	-0.699774057222485	-0.867828807648108	-0.518937552589963	1.73023077180332	1.75694135028488	-0.559648211323846	0.707813899629904	-0.118518980948353	-1.3603739071492	0.0772053322672249	1.19634344088846	-1.30700195813382	0.0316179833794027	DKD	PanCK+	Scan_02	Pt_02
DSP-1001250007851-H-E02.dcc	-20.6830338366595	9.41247551537191	2.56903820028504	-6.9217676129999	-6.65511125142663	-5.55860076303457	-1.5887029327681	3.70115083262366	2.91800501093907	-0.811147754566327	0.435382204318741	4.21177139682264	4.62565672888831	1.61692801261347	-3.19292852520861	-0.0296615255888473	1.19945870482838	1.54730072996308	0.90845343466861	1.95753573065211	-0.586972152225651	-1.32397719033681	0.18379259735998	0.329146667274466	0.365007577154025	0.470989317829421	-0.00919343478368007	1.45457341850801	0.209762910872251	-1.11396319803574	-0.66817396170797	-1.76865797998202	0.939719364343114	1.63059017165405	0.506327550468624	-0.131056379679791	1.00194863516507	-0.0632608673377124	1.04397759837632	0.103582059375831	0.923931595440832	0.343934540595923	0.00111651979536105	0.712333144393169	-0.624381732318826	-0.265574692496417	-0.7448596467461	0.0419284516792589	0.486127863426378	-0.0701980721015946	DKD	PanCK-	Scan_02	Pt_02
DSP-1001250007851-H-E03.dcc	-28.4322933987961	-6.62228252309746	-11.6456622282407	-10.5693205272114	-5.72159556199203	-8.94633539552859	0.129821622207706	3.08352434945584	4.54605172617837	1.58024859819931	-3.58049756767584	2.63960992975789	5.58163848951524	-3.66852156097027	1.54447824451278	-0.600189452854258	-0.990100873580606	3.09670007076849	1.06563884886329	-3.78477807570131	1.27958146769376	0.159600477008699	-1.91418301606175	-0.0998478263788982	-0.00864393639994748	1.14228776897772	-0.74756354049062	0.346313033414815	0.285470121202596	0.0389938087566394	0.419043049551038	-0.344111272505342	-0.952757415238255	0.0906905561276053	1.91663913141705	-0.369151291241251	-0.0207615918970502	1.40221362704119	-2.28650196041199	0.276448766826101	0.0856130687919786	0.846766415125705	-1.15921683737024	-0.443146346118735	-0.17155391233955	0.220432988500187	-0.0757019601393268	0.391175312048393	-1.06682290530951	0.240258687387989	DKD	PanCK+	Scan_02	Pt_02
DSP-1001250007851-H-E04.dcc	-20.2390959960442	6.07154625505574	0.915715433791694	-5.9549259218149	-9.00157649640417	-6.08357233538202	3.63194201765873	0.607997878965682	3.43947616208123	0.136609348629862	-1.19888929181093	0.836982339189326	3.17886659307512	0.509082515596474	-0.422818944264266	0.923583441775843	-0.462112747928034	2.19318075011601	1.09620449205262	0.369617623807052	0.876409042241123	-1.923427073703	-0.0814545771753303	-0.0879062378557987	-0.409478908700738	0.913187686825672	-1.17447844207658	0.434343673377408	-1.08683589184321	-1.70105958411708	0.340456387094644	-2.21304084644424	0.176008224055003	0.612190098070236	0.312448407548856	-0.185452239445363	0.889205957536448	0.220207305344284	-0.385810329609707	0.042791161679984	-0.00711498695586583	-0.039409145558036	-0.98705428726024	0.947523991168471	0.335215311388358	-0.935916383726739	0.0577975832842481	-0.057104243587575	1.07426550280239	-1.30003957355908	DKD	PanCK-	Scan_02	Pt_02
DSP-1001250007851-H-E05.dcc	-24.7765347446933	-5.3100663671058	-1.00794423541361	-7.87128798595115	-7.33964147870173	-1.27384121085754	-0.670924234169181	-4.58113685016457	3.3654318885964	-2.52574272453853	-2.98811010445395	3.10076423025332	0.752894274313891	-0.0208476646063618	2.29444698721397	1.1247952440927	-4.46347639751017	-1.39491532662104	1.35290427326965	-1.17566925865414	0.0426469450631528	-0.956250527564256	0.981537168561289	-1.34729372286723	-0.253597386970432	-0.201664646725145	1.17010725751438	-0.301167154424737	0.532170905177894	1.88167045482754	0.503880267539678	1.27810059671355	1.77542223664764	0.992664518151251	-1.77813948177947	-1.73125215476966	0.996256499540483	-1.98668481002368	-0.875274307013642	2.00654462633335	-0.234369731692718	1.80540802918514	0.306866652626835	-0.822089722405478	0.666667237645648	2.93132916968591	-0.171348860656651	-2.33049908653728	-0.460881849600686	-0.0669849566331677	DKD	PanCK+	Scan_02	Pt_02
DSP-1001250007851-H-E06.dcc	-18.6319514086993	9.97664514965015	9.95733013310581	-2.61777105077432	-6.18367980058309	-1.2981436756898	-2.47291038810935	2.66685581415017	0.510193168914763	1.67796276836851	4.02361827644096	2.04010644061724	0.222692168656874	3.2414756111348	-1.8985826414863	0.097789667143609	-0.874287086242831	-1.81067523367486	1.59921699544108	1.97406590798979	0.150238188008714	-3.03148605573828	1.41606068090726	-0.653165718328365	1.84245075011086	0.155100837271334	0.119548778734008	0.618961497048628	-0.770127372064441	-1.18551547584359	0.807382932882018	-1.77445603579184	1.22070927697975	0.658515818176828	0.778606969474564	0.495536023875807	0.730921608871077	-1.29519232072028	-0.337843359413197	-0.0150723284694698	-0.000967628703119314	0.30822228061492	0.798984683286066	-0.327924862979434	1.22531105381253	-0.0465109688164369	-0.0960578735286609	-0.791576501502186	0.706312175819591	-0.423488361089541	DKD	PanCK-	Scan_02	Pt_02
DSP-1001250007851-H-E07.dcc	-27.1643758401065	-8.89145873145149	-9.06389178512957	-8.86605269279815	-3.9086280962307	-8.53019946091184	-1.81927152980104	2.30559650070261	0.878000263118619	1.24974616272995	-0.322416515837819	1.5689200915477	1.71409343669792	-2.8809278959302	0.82981543612315	-1.47501112799565	0.0882132565845346	1.56537230719188	1.54592165664203	-3.23371022725672	1.97798751006394	-1.51482938790711	-0.24911087823323	-1.52659612670018	1.42008144868875	0.308946176343205	1.1176205780621	1.40907716842631	-2.65245676526111	1.05084805470976	1.15416530114741	1.88772785142171	-3.05815286115813	-4.08031517676254	0.353034256831834	-0.045492622518063	-2.9706430499819	2.81992865577075	-0.235807662566909	-1.48412592769907	0.186990316091935	-0.27123196239631	-0.0457623812231902	-1.20747702916897	-0.769224360634107	0.432770329362728	-1.14879321363912	-0.481649162117977	0.248067140624193	1.73739245956417	DKD	PanCK+	Scan_02	Pt_02
DSP-1001250007851-H-E08.dcc	-12.7050264398395	0.109513722542632	5.00216839434004	-5.0946602921165	-6.85048635932959	-4.08038723801883	0.948282506122529	0.187685568639039	-0.980782998338559	1.42991830491377	3.010389288095	-0.496605845793672	-0.165615330294158	0.101362687017923	-0.561800649091688	-3.49369397223997	-0.871925103529068	-0.158474743942843	0.400767472759056	-0.952082482891221	-0.612783403453024	-0.164727268846851	-1.02927832296059	-0.873779279714189	0.962994801030351	0.197804379952719	-1.1484469434168	0.424989521325466	-0.997574056970659	-1.20636949038815	0.166678397761327	-0.651946587251879	-0.636174729496166	-0.463754924662633	-0.0480374981769513	0.83451443749703	-0.00966249976190589	-0.117191280539666	0.791054484983411	0.333385956642755	-1.01464351682794	0.462442217397351	-0.583787083689646	-1.19941912647932	-0.197350432382768	0.161543054454697	-0.714189430513943	0.596321752229089	0.484620054488035	-1.17535785313059	DKD	PanCK-	Scan_02	Pt_02
DSP-1001250007851-H-E09.dcc	-22.878547197574	-3.26338459668788	5.08004706356837	-7.15126053104261	-8.05089947118524	1.7843530278874	-2.34912437503597	-5.68411895818348	4.17400191573476	-3.05396574742061	1.37404463364937	1.10625151392775	-2.5621540028648	5.01545617575236	4.44799572168361	3.21590154610591	-7.66150207843517	-6.0933204653063	-1.01654997361967	1.56543492651154	1.28497554341426	0.0781010538598579	2.9060564652015	-0.747476607182998	0.612646396995161	-0.41819812530932	-2.768273722209	-1.69746302002154	-0.418075743795462	-1.81237933712606	3.41077760084892	2.86277033415285	-2.68053905387811	0.628804375633736	-0.698990668568514	-0.0153922812521419	-0.293771443404976	1.74224242227943	-2.3800965301267	-0.220627913227176	2.47451897497658	0.225268101622807	0.266585347967167	-0.5620120624011	-1.49190727447718	-1.4422685353595	0.513274104878875	2.33099920966062	-0.780647232825707	-0.707300929454121	DKD	PanCK+	Scan_02	Pt_02
DSP-1001250007851-H-E10.dcc	-11.3916433815021	3.23798924892464	10.8973370629644	-5.48026298691091	-6.82176984444553	-3.8384260169776	-0.472863376996928	-0.615764472030046	-0.852643207026195	2.43967107077589	7.96334731960714	-0.138248549723706	-0.723350094061902	2.30112099612733	-0.598645579958388	-1.54330223730297	-3.51764933515733	-0.798574150047444	-0.431575403498182	0.945661027945825	-2.14223216345479	1.30644979326946	-0.202983822648029	-0.211817204340413	2.0874564811311	-1.00263894056567	0.0950419074421092	-0.0665849745286823	-1.33243544560342	0.433055187210374	-0.368789340209522	-0.0976476325328024	0.587444535115956	-0.769445078508644	-0.959511943734327	1.15801811419416	-0.815024179885673	-0.506237261719593	-0.998723187400745	-1.20370435245157	-1.55330966333284	-0.23795024870142	0.228482579981408	-0.304956340379153	-0.473131962258356	1.03995400679037	0.0661157977775898	0.338104750804093	0.737351094300064	0.441018722902214	DKD	PanCK-	Scan_02	Pt_02
DSP-1001250007851-H-E11.dcc	-23.0414794229663	-4.63285648150303	1.21602055439687	-7.00277164669347	-5.87067394670962	-2.08609001448721	-4.88816636517595	-3.17331742740891	1.20929177475841	-1.69825139498865	-0.464403062572444	4.27020088056549	0.854209365348278	0.153687558922468	0.988551472031218	0.0748530064840005	-4.43850905087261	-2.51020646227668	-0.624491026408611	1.07117407980498	-0.508140444405261	-1.30778539115172	1.00862774894252	0.283286453301701	2.98934966726886	-0.758441988079522	2.79337507632194	1.15716241582974	2.02370967850517	3.50441298959015	-1.84187495585699	1.59291549449569	1.07186222370151	1.58438714993085	0.439471121892489	-0.944233724347894	0.414437791153656	-0.70008094320612	1.9676131419653	0.461688034451807	-0.87696878190768	0.273866451143522	-0.400367137417403	-0.413877777277312	1.12798473469151	0.744682161274404	0.850469727244668	-1.37277866247704	-0.74273752695995	-0.490017758198062	DKD	PanCK+	Scan_02	Pt_02
DSP-1001250007851-H-E12.dcc	-13.0288473077246	3.34263085923616	10.2147263914806	-7.48625852453564	-8.02262154054928	-4.5868388245783	-3.25845735971282	0.976125688614356	-0.762178602963482	2.68585356179373	7.31191164385275	0.929163299866041	2.65076449986221	2.30640341760637	-0.885329556684268	0.320647208656916	-2.9130465436863	0.356033796042539	0.36175216807163	1.76085815434782	-1.80567372444399	-1.26880726788064	0.231024801566951	0.34922161987422	2.25248163640188	-0.382115206379009	1.23572216878159	0.252071639369575	0.449184999207594	-0.229175346214639	-0.790120981137394	-0.55601093261319	0.262918183857159	0.827156716817812	0.263217646049415	-1.42696253021728	-0.834766305814453	0.377599096170393	0.528342728839682	0.22645604707369	-0.360909813892158	-0.896871974614088	0.359725372116431	-0.899354114233887	0.161263179707962	0.108073029167057	-0.707254461288331	-1.21223286299454	1.8171190911695	-0.11274284432027	DKD	PanCK-	Scan_02	Pt_02
DSP-1001250007851-H-F01.dcc	1.86410643562452	1.68885302527597	-0.610243394554918	-6.28414348587695	-6.99447124806575	-2.01310259501374	1.00998324050532	1.35133292576576	-4.20168678143997	-1.87908145132025	-2.13153751127488	-1.49461506757658	-3.2032341142823	1.08225764061943	0.257560404642251	-0.294981106202908	1.71284131152247	-1.22380984948484	1.06600428990069	0.489046286023358	1.14990200628777	0.299958471788381	-0.390395336693128	0.316604743864177	-0.0414092739695954	-0.114588645487844	-0.201864723713295	-1.02253200079572	-0.632758092838452	0.090427880229226	-0.308364466055459	-0.0728804910559039	0.565892029258418	-0.734336881866937	0.850678298310279	0.538959388204227	-0.032941380971199	0.0485019161451171	0.88090066887188	0.528319963247214	0.402337369082732	1.48148627480064	-0.0337000635851471	0.0948583133997819	0.0817713470409057	-0.036244270127189	0.487185694534995	-0.0484618939625117	-0.834186630009627	0.055393252247201	DKD	Geometric Segment	Scan_02	Pt_02
DSP-1001250007851-H-F02.dcc	6.07291179778814	2.11946284809076	0.961686082576883	-7.93878523500686	-6.8008431383188	-2.30784517551066	-0.0549946146545175	2.49414832114806	-4.03444123576148	0.152752080874431	1.35800752312476	-0.782352406175852	-5.08691290569775	-0.224010508288536	-1.06197381673476	-1.34051669043691	0.604993458101801	-1.74981307859118	1.27004011017034	-0.968043259393617	1.74271154012283	-0.140800571440989	-0.13919980214405	0.0463175936127793	0.231303300274401	-0.267262883001133	-1.24630482622176	-1.6029542278283	1.23794038166055	0.0151179536162308	-0.205811664059323	-1.03602331209629	0.380519742760623	-0.925850723214155	-0.0963109892058408	0.327276167875262	0.141670280233753	-0.285733261825759	1.01211273573523	0.0930311026367639	-0.833837156417366	0.536483433955496	0.816589253055587	-0.390966383632736	0.346890733198099	0.125512920848585	0.630936148014928	-0.0813576115641109	0.572563738849681	-0.407311911554314	DKD	Geometric Segment	Scan_02	Pt_02
DSP-1001250007851-H-F03.dcc	2.52288671590591	-0.363640710595695	1.55763476583403	-4.90774346124148	-7.13892346913511	-2.60697030512532	1.84557874916113	2.2283811117982	-6.0172408255658	-1.63567050758464	-2.523817209484	-2.6835135379335	-2.94571987199851	1.35421509945724	-0.996050545886493	-0.775081984422039	0.510326178639189	-1.0029824421086	1.24982106454983	-0.677636022135916	-0.564075646769364	0.530767614931313	-0.369046606424554	0.528555796681337	0.61904964406982	0.399710274762939	0.43476922542767	-0.51640150385949	-0.675566729637451	0.925588213422366	0.0309637452288608	-0.388224008170602	-0.352614226693326	-0.502231660521528	-0.0557813101486934	0.0998212286596903	-1.88246095351485	0.251988739083269	0.548708241571729	0.193179534041317	-0.0626477140340745	1.33662022712766	0.187505108531636	-0.222130069500405	0.380896586390456	-0.133741475223427	1.07275425540358	-0.144689594065611	0.178118206346617	-0.371633773703992	DKD	Geometric Segment	Scan_02	Pt_02
DSP-1001250007851-H-F04.dcc	3.78710844589033	-1.01993629941187	1.03658117079844	-6.11020450204652	-8.43601139075525	-2.82511322702692	-0.076677823214562	0.966297546581329	-5.17260090251091	-0.823592331382303	-2.92573274032274	-1.8971782468579	-3.28963424251023	0.529557702259388	1.19099986533523	0.831959368941165	0.630916391706927	-1.46697864342532	0.0100103002313585	0.376164409203313	0.368368894078985	0.945250064437439	0.778526014231606	0.0173035102463203	-0.0363051386646751	-0.861139457448938	0.547357980213937	-1.26497607319297	0.411089312581617	-0.217081189283185	-1.2372113689521	-0.34060508500568	-0.0804427727481356	-2.02752108023439	1.1112247509339	0.141725783256527	-1.15479780899912	0.248837707043475	-0.43823615560794	0.697387159637449	0.706319746238202	1.20489734978106	-0.0214835806969839	-1.06365571235603	-0.0230138957403339	0.352526593461251	1.23610535495013	-0.367584041121978	-0.55593447986725	-0.00398261740214836	DKD	Geometric Segment	Scan_02	Pt_02
DSP-1001250007851-H-F05.dcc	5.32808460740433	1.49543261340009	-0.236529146433178	-5.28381389258323	-7.05758578121509	-2.34799812878027	-0.104994434816067	1.85457820409344	-5.65901462569906	-1.16443264203462	-1.74232241565471	-2.07218666528921	-2.56842562061882	0.615479779956715	2.70090568682113	-0.516030491974106	3.03034084976293	-2.27049394846931	-1.24126261011456	-0.183479962164818	2.20057366223194	0.143347966975138	-0.236062519817016	-0.325576341050788	0.660656846516711	-0.382722054293442	0.504223660611699	-0.24476840124819	-0.0617502619768071	0.0187342661290966	-0.251762976043871	-0.580928353319937	0.00361683907129618	-0.661376104186485	0.215807799761694	0.222559243984692	0.599437115434054	-0.65468864495231	0.0297316047820072	0.633409391525558	0.467142348508052	0.83839827540582	0.542189258515542	-0.734590838136637	0.497274875669387	-0.410806436881439	-0.110300097473769	-0.112885269827823	0.324215380177138	0.617840959359239	DKD	Geometric Segment	Scan_02	Pt_02
DSP-1001250007851-H-F06.dcc	8.33244885529777	3.82713954494265	-1.0046260573524	-10.0639221562875	-6.15691315934926	-3.16349648450576	0.622719554404208	2.71362127073919	-3.03237838081059	-0.504194609377273	-0.654271495297706	0.0816700483837718	-1.56973191300501	0.0828518654261544	-1.58812928239014	1.5168723574751	0.996133257638354	-0.254055968680085	1.26157527075858	-0.454932858821534	1.0849694246627	-0.161266308883584	-1.51469005590311	-1.55254352729083	-0.610176127477532	-1.9077421567379	-1.15298317421081	-1.86890288489657	0.668044876049343	-0.071183110766434	-0.00486944078729312	-0.796529032605881	0.613399700491135	-0.509448726195928	-1.25718466445847	-0.172470669127414	-0.0352567516914893	-0.372084663218028	1.49661676830477	-0.695769197347563	-0.0618476708351203	0.284488866624964	0.919016651836517	-0.000222759247740667	-0.100633085631493	-1.42547381283188	-0.0206918840114013	-0.274664499080003	0.463879666298642	-0.505661493136625	DKD	Geometric Segment	Scan_02	Pt_02
DSP-1001250007851-H-F07.dcc	4.72614501511108	5.29526181969674	-0.647941046909648	-10.896938774195	-8.54946288239336	-4.08735827020333	-1.14837264078032	2.68546694661669	-3.07439125074613	-1.50240867856301	0.0537511092465751	-0.268127200702078	-0.603530292619096	0.0172206555901305	0.37547745091434	2.25579132261423	2.23975212085725	0.334088890087139	0.686203705619584	1.60495638268688	1.13091854275707	0.0451229604273482	-1.35725417771482	-0.458213693633941	0.79807471978224	-0.888809456813611	0.289270120396869	-1.50992866166322	0.878559779368051	-1.49329429855563	-0.971779172999617	-0.315285089920316	0.255222692723426	-0.621777044843992	-0.943580636240136	-1.05840189445247	0.283773481358414	0.213568143247542	1.07813941167625	-1.04362601057786	0.564413448237517	-0.651161224937256	0.78957933191063	0.647829745173001	-0.412586774651793	-0.744975863308798	-1.08584370793477	-0.401945142172207	-0.695319817759033	0.2215030063885	DKD	Geometric Segment	Scan_02	Pt_02
DSP-1001250007851-H-F08.dcc	4.91723259803542	6.45292680169577	-4.34594675475869	-12.963198553812	-9.90767101776457	-7.80420183038036	-1.14137902700818	1.81089849499	0.734596887082728	0.38183749143283	0.0237503443011758	0.615685875845785	0.700424457284819	-0.853486297008336	-1.19405794694357	4.81994366775588	1.28606348084759	2.37311128360019	0.758898222373744	-0.536629867302069	-0.661689590230135	1.80813100854663	0.832738000771795	0.413051790843993	-0.753575248257309	-1.85811255464057	-2.43240705608871	-0.76399235210785	0.970431545192527	0.696988405432666	-0.740905730071905	-1.40727080871991	-0.100814913021378	1.37787653103961	1.3488709060161	0.700920210749442	2.22795743432376	0.792635317119206	0.013780223577744	-0.136770401735726	-1.59857207744421	-3.03389863116186	0.941032109525459	1.64312021825855	-2.21169596960628	-1.27348496495857	-0.53942597723287	1.72073180870583	-0.0841799982835324	-0.0249427633654825	DKD	Geometric Segment	Scan_02	Pt_02
DSP-1001250007851-H-F09.dcc	3.17851128521586	-0.151115342010508	-2.59414823028824	-5.9277182272333	-6.53741001878241	-1.57566007143815	2.3613466064682	0.139833279852921	-4.09058853721047	-1.28527424182562	-2.44151211376711	-0.315400614760451	-3.72455068312387	0.735714410155768	1.11692992862292	-1.01134248815547	1.39578433915526	-0.865951611374179	0.173275678782231	-0.408025659094268	0.462581702197521	-0.966012730860434	-0.878005049664919	0.717556449308579	1.07310978939577	1.02740548176853	0.433216093768926	-1.18274759606706	-0.764028350266389	1.52358921064067	-0.751060555255214	-0.494956600788563	0.976960831649316	-0.549838739017419	0.340534816876582	0.490460249764811	-0.251452803933159	-0.446197929371439	0.821925722129008	-0.0950650112900332	0.185730061041514	1.05730703495289	-0.86718714426521	0.24939440616218	0.352823303293056	0.858851467083777	0.421807541230209	0.580635767414719	0.673815111788529	-0.0849357105854392	DKD	Geometric Segment	Scan_02	Pt_02
DSP-1001250007851-H-F10.dcc	0.297939324159447	0.30850828861842	2.62778201656879	-4.58120941056756	-6.88848362383742	-3.29575226944867	1.78049998448921	1.88518261261682	-5.65721832375216	-4.12168098909207	0.0944371147903602	-5.10877856806307	-0.227397982666293	1.43931319294715	2.43422535388943	0.894728642695829	3.03901721018983	-2.61097445687806	-0.519508765846475	1.47160239066815	-0.484606000488925	3.01829361764606	-0.179687128405686	0.604170851091557	-1.10784333401411	0.640620586241088	1.82886035468847	0.88175604512358	-1.10774141243748	-0.273929644946777	1.30663952015879	1.43082277451012	2.24664578597559	0.109139929517778	-0.904980211098333	1.72075832116299	-0.0245167511126015	-1.64532599142211	-2.93635933330519	-1.27069655188705	-0.832004373844153	0.405445259336937	0.17795524481351	0.411086335279337	-0.278282893569094	0.603403440570088	1.49470274018729	0.340770778507885	-0.498857733902892	0.342714153609541	DKD	Geometric Segment	Scan_02	Pt_02
DSP-1001250007851-H-F11.dcc	2.09185189180602	0.231758355261321	0.4019660526126	-6.10350880959721	-7.94253068556937	-2.26841502639938	-0.391488926415633	0.655176781576084	-5.62183188857108	-1.4869177702243	-2.25824386025596	-2.0749309148069	-3.3246020190718	0.352493167233529	0.217647852321976	-0.085537725696343	0.627645401030422	-1.41240123513688	0.568910011009779	-0.245197939416305	-0.0671538575737476	0.633489803747514	-0.489572442244449	-0.381848892567037	-0.323205285932056	-1.77053834873749	0.54081386558584	-1.283908757606	-0.228453242199373	0.976673701777842	-0.780639904474104	-0.189266735223408	0.402831443953903	-1.01875023989918	0.908328848062041	0.123206468798895	0.631706467522418	0.00764930357083387	0.818936935587356	0.412853588739557	-0.479946851838504	0.751037419975908	-0.219496006133992	-0.133215025115547	0.295785250961984	-0.311757358475168	-0.121797232697291	0.402105206256574	-0.44548991099966	-0.0431930208583161	DKD	Geometric Segment	Scan_02	Pt_02
DSP-1001250007851-H-F12.dcc	10.2363267758012	4.32264798909174	-3.48947264899074	-12.4726285458838	-7.59453519327501	-6.98885322215096	-0.517436562562921	3.47076268297286	-2.53358247193998	1.62170508067886	-1.09025685815356	-0.283505405720147	1.57725554677076	-0.867267529864729	4.66406253430164	3.84888193944543	2.17558091829567	3.81094700206024	0.782983963201622	-0.818338885747715	-3.16229283061104	2.42771061931725	0.539528389926984	0.468629471541073	-2.87324523871972	-0.315528094114271	-1.22312341286606	-0.318950244268816	3.43499530589362	-0.600374803560544	3.96974764932741	1.76737436867813	-2.01013550943509	-0.700640663802088	-3.04504106998486	0.759663079776603	-0.488613494615674	0.393016807378945	-0.266921822300504	2.13775537871892	-0.400380600564309	-2.89919506316748	-1.05119921463061	2.39900638590523	3.06060400354419	1.8981748547716	0.0531817697128055	-1.22163892766534	1.35210857653831	0.0712272776616315	DKD	Geometric Segment	Scan_02	Pt_02
DSP-1001250007864-D-A02.dcc	-27.4570082890693	-14.9976891169421	-12.6120017623947	5.80778826800506	2.04282490057591	-0.253148828023151	3.41956449632355	5.72807531160348	-7.9520829648069	4.08175073721726	2.74476938928512	-1.63906907735755	1.29791273008081	1.02008393648197	0.513462988811651	5.11482777641511	-3.30264853296869	-0.37192840279598	-1.66407578833847	-0.308627157676464	1.50464754739476	-1.64720124683673	0.793648811764956	1.18330726765637	-1.75562608424408	1.93148768191879	0.224569037083245	1.86852298182677	-0.00971353430028782	-0.107127372070836	-0.976256676679819	-0.982911311428399	-0.240756327472242	0.00104646936096563	-1.9953553642691	-0.81999145552575	1.18391280574082	0.45246851064242	-0.120591556267422	0.836920939829835	-0.997164175626452	0.774004014239152	-0.600902481530924	0.801687496676766	-0.201612107549522	-0.812081224004552	1.17957076614417	0.00546872607506842	0.0716377713610778	0.977288926788657	normal	PanCK+	Scan_03	Pt_03
DSP-1001250007864-D-A03.dcc	-21.4551250864023	0.896026195980979	-0.0222030143249579	14.7347834336517	-3.98457981673266	-0.179753681720861	12.8295269323471	-3.20952279701266	-1.83375791881115	-1.20499447372237	0.460667526437096	2.99450362052261	-1.85802578128626	-3.88912836209551	1.26048842302786	0.534919339416586	-0.740183036783531	0.461978934301496	0.785571253261404	-0.615014286996854	-1.78044943346346	-0.662737901296443	0.562065026587079	0.0890399171926971	0.688796183337014	-1.86782275799815	1.45123774259409	0.438367634507336	0.121971419447099	-0.0788120868565332	0.462546669949066	-0.191733229358754	-0.318490704422769	0.197443954841104	-0.485385481952593	-0.297551449173373	-0.0477779194869766	0.888317049270223	-0.0479451551299957	-0.325752256893063	0.230084826360468	-0.00987088599760376	-0.714898748121219	-0.0440184465967337	0.935866823639933	-0.30335790342009	0.755695794189943	0.48645655954588	0.755134639212447	0.305063709420365	normal	PanCK-	Scan_03	Pt_03
DSP-1001250007864-D-A04.dcc	-27.6754661855359	-14.0882398162343	-10.7063020452578	8.14280041914951	0.62880752660386	3.55404667009181	4.33804343740003	5.75148091207983	-8.60267525958116	1.49989355835456	0.232045233752562	4.93573607217899	2.74205421172896	-1.72658623728149	-0.763137600022323	-1.10166604740745	-0.490080520843058	-2.730585155001	-0.857309236574623	2.36154674209407	-0.510786769960089	1.50230184205254	2.69106748627016	1.50784388959281	-0.939763525362089	0.00211023345420991	-2.30970384990894	-1.72838831309558	-0.319723803632107	-1.34715435672898	-0.151275439480508	-2.32628333594433	0.138173199558819	-0.00182815345210456	0.0461515206272749	0.751922198934681	-1.27262499877314	-0.461501081317224	-0.893504813841128	-1.45277501258259	-0.0362501375460162	-1.67350407248947	0.671094271189519	0.612769229313771	-0.754218381111852	-0.0703923364503015	0.052339005077548	-1.69887865792221	-1.32378924872603	0.427953210998325	normal	PanCK+	Scan_03	Pt_03
DSP-1001250007864-D-A05.dcc	-20.4555005661367	4.56105352444317	0.781879958117549	16.8961646460299	-3.09157586246378	-0.111575469909502	8.97224868908049	0.620860656473185	-3.37270357432005	-1.2203712940212	-0.0625163728440548	4.81146804488131	-0.13114021844438	-3.51469690595182	-1.8540527915748	-0.956583116218143	1.99124841829171	0.0136635306919679	0.361190947837276	1.33923691814011	-1.84410963542712	-0.267537515113131	-0.0919685211460282	-0.674785847875548	1.62121679184713	-3.46796226761763	0.127374304445228	0.5731298499597	-0.721873723449522	0.0561842383157389	1.92128512730089	0.383016524181166	-1.17010992214116	0.371223348014146	-0.0436881192100328	0.21718246586036	0.696941658727047	1.31678257102218	0.848501261836241	0.134859932840032	0.660749711831627	-0.34642126958453	-0.429424737602444	-0.531771803931614	0.529970592642018	0.546891692350042	0.240071493033013	0.928531684052261	-0.444272159686852	-0.51462150840453	normal	PanCK-	Scan_03	Pt_03
DSP-1001250007864-D-A06.dcc	-28.2759722175864	-12.7830595903505	-9.93758072967068	-0.750508694325764	2.68017168913201	0.912836101813551	-2.7650280529533	4.22125735813745	-3.55057104133205	0.497147832081591	2.96104054224868	0.0491576738027084	0.761071925106802	-0.508736419703257	-1.26479278179919	7.87948525590421	-2.17284369356477	-1.26876683812522	0.223229418693124	1.85299121778749	-2.37414830541686	-1.62501796967409	-4.1592366097556	2.09681383135324	-2.16619517857014	0.588009086258878	-0.807267970884035	0.364578171216864	-1.77512302049159	-1.1564679996932	-0.864587575793227	1.1021799983814	-1.98537497958819	-0.753352341557839	1.33168407690623	3.24159389521421	1.43389665417102	-0.403664265550113	0.370622395768803	-1.41002486371945	1.373735118507	0.678311504129363	1.79437300408525	-1.24774745261508	0.455795529760262	1.78001997062151	-0.938945208627263	0.373232609055355	-1.10523472196316	-0.683915083872299	normal	PanCK+	Scan_03	Pt_03
DSP-1001250007864-D-A07.dcc	-17.649463051338	8.25488511810679	5.76225479974193	12.9448470253546	-1.544691656204	-1.27668330663914	2.23328164291539	2.51664334628999	-2.98063101912581	0.314810141148164	1.06388424448484	0.975888957940607	1.35369916876955	-1.71504017741449	-3.11172471425964	2.59769512806575	0.982744199381543	-0.284995343363013	-0.0774500713583227	2.85751575681166	-2.78554410584244	-0.219644387159451	-1.86271279284377	-0.703525749509997	2.03164551939673	-4.36508038688631	1.12115426399071	2.38720565871208	-0.329423056979011	0.453697052972218	2.76197771089677	2.19396349464867	-0.640779777522045	0.17349456716326	0.826028049466984	0.171455839911943	1.28560748687852	-0.099914274652371	1.13075437419244	0.5903043082476	1.3583226843955	0.249589690190689	0.0160011186548239	-0.701612351065453	0.316430129633588	1.07888521199662	-0.574982996363012	1.13416091273043	-1.80271625658618	0.231132871493096	normal	PanCK-	Scan_03	Pt_03
DSP-1001250007864-D-A08.dcc	-26.1612827124586	-14.0140104485927	-11.5560432930078	4.73324702506962	2.76789218513944	-1.78515750539158	2.14433515194956	5.24075106472758	-7.31708867682866	4.96710920682872	4.00765547596116	-2.88485102176803	0.977366486066621	-0.0978592765588936	0.614384247240766	6.27448205516588	-3.1417746169993	0.166715012889049	-0.396289300450589	-0.863864831393469	2.45774775824021	-2.42414845817788	-0.278870194181516	1.6790414961216	-0.787709334620353	3.32737669157299	0.343472198417385	1.63762078387654	-0.572151025229768	-0.5691435802249	-1.54159596441323	0.10087835767758	-0.511069813831776	0.00458688924161115	-1.42934249010627	-1.04748569472359	1.04834915755632	-0.464395996519986	1.54144170081799	1.71901552713065	-0.828038558667156	1.49687665366184	-1.57910802751579	-0.227682139154537	0.420032249549225	-1.08066303329455	0.173802898310538	0.618220058816026	0.35437852945047	-0.608903144672124	normal	PanCK+	Scan_03	Pt_03
DSP-1001250007864-D-A09.dcc	-20.0928356717433	1.74859289075578	0.638855192232013	14.7280142927014	-3.37950851659752	-0.568208350292669	12.1257854556513	-3.13807737222506	-2.05700152276199	-0.939949272138761	0.273802862728892	0.987380602962287	-1.31689018859294	-2.90970023840193	0.591719391050414	0.937460925526412	-0.77714992564461	1.05490484221639	0.495355120105451	-0.945568369464063	-0.60945607640406	-0.694802227382459	0.0385487183294139	-0.246139678996633	-0.101162310584353	-1.72427456872754	1.67895410623845	0.532684308773228	0.152510859777423	0.338109956757978	0.792725364246689	-0.194253295566828	0.35307351189899	0.519062030624767	1.07749152028986	-1.28490527022657	-0.225277482757969	0.37601199127963	0.226910600653672	0.469899566721522	0.452074231254094	0.33741532080076	0.655028398290431	0.214224624363563	-0.733691161148306	-0.880100590815668	-0.227898787065748	0.0828311114360477	0.259046030581472	0.287349256313728	normal	PanCK-	Scan_03	Pt_03
DSP-1001250007864-D-A10.dcc	-26.5435051026448	-14.1648380448961	-11.8124030157681	8.33161970476184	-1.86116454064366	2.41060910403221	5.81906139285267	3.48473949877494	-6.82830324463824	-0.788931906877028	-0.345943413574666	6.77106425486455	2.7658594579615	-2.04864581758488	-0.713273064129215	-3.1532452317157	0.398843080969114	-3.42597508652823	-0.14884615037016	1.85406194812611	-0.969434545702695	0.865125713288343	2.93813916640023	1.76429839127582	-2.71683701827179	2.30306918166327	0.44446115589224	-4.23209062099394	0.366502480382076	-1.32540123797993	-0.0551447210525562	-0.725400535980726	1.44974796976408	-0.748954023055872	0.568920549544631	0.637613996513052	-0.570530718402851	0.191866490382089	-1.04433474969164	-0.790624841901978	-0.834425142733461	-1.1865917326685	0.91468988719092	-1.06442949503666	0.0339443470431422	0.757583486460789	-1.04998799079038	-0.916331179855009	0.329509414078397	-0.457928677754138	normal	PanCK+	Scan_03	Pt_03
DSP-1001250007864-D-B01.dcc	-21.9024053361426	1.6398136676227	1.80793893282719	14.6788931202419	-4.14677728979458	-1.63487988706679	12.4470535708971	-3.61882229308532	-1.31107354397105	1.24660280330282	1.60727583630247	1.52191601829266	-2.72731145524009	-3.61385975146115	2.52710964298134	1.29592302007498	-2.85897269791673	1.40852459489195	-0.127615185184726	-2.55503206972731	-0.577455970708391	0.501078841324441	0.607363053635979	-1.17899179175029	-0.742826388055021	-1.00542825424815	2.08758987635256	-0.386103845398194	2.18280408364697	1.18189310519187	0.150837411043896	-0.141804751611851	1.64770090972888	0.516975081755766	0.507072331116899	-0.237541614204213	-0.928878909352514	-0.5264633534071	0.690639155036833	-0.181076279558387	0.061597733411907	0.77950204698114	1.20799270539725	0.649155406193301	-1.27752643614388	-1.47131426188684	-1.0758253477894	1.01159972475124	0.341347197352571	1.867134981658	normal	PanCK-	Scan_03	Pt_03
DSP-1001250007864-D-B02.dcc	18.0077815281116	2.83361155543188	-5.2214222417372	7.61224596469952	-2.0455509984306	-0.669185570581076	-2.41872746834411	1.63064960928303	0.818024367691205	-0.59580684047048	0.632822239022573	0.82199710112909	-1.40214881652464	-0.191273184592343	-0.938957435565379	-0.481982133156762	0.598342507724147	0.340851453089851	0.0538634444370262	0.451978711659325	0.570173457881186	-0.303833192397615	0.524838121699278	0.00604347378712724	-0.694444706824624	-0.232594888348842	0.415578052056332	0.91536253849326	0.204121761054506	0.189238170045667	0.598506845827272	-0.245324657319382	-0.00398074988535325	0.355267431898087	0.154218417456704	0.391720904270057	0.0572112382771759	-0.180382918833384	0.737845604115721	0.353966028044229	0.505401468683245	-0.470851623855487	-0.23286741416092	0.310265164599383	-1.07011799981218	0.437945430676044	-0.473186765052402	0.26738842818969	0.0905200151165325	-0.410327539062856	normal	Geometric Segment	Scan_03	Pt_03
DSP-1001250007864-D-B03.dcc	17.2955005203091	3.31293872305146	-4.74118698921212	8.15884716466324	-1.55813515843266	0.627516253584729	-3.1678410199008	0.44036335169965	0.870978393324377	0.331327554196188	-0.0393343325821152	0.793003718007623	-0.598977552570914	0.136044857495253	-1.02132417613258	1.31322555709981	-0.490182526899305	0.525862600355518	-1.34468315537196	-0.316536082518943	0.633760746680589	-0.556124194274098	1.095637595322	-0.290684143010594	0.362738506403664	-0.937728715114954	-1.19875941752101	0.00170301623524709	-0.133759870576161	0.0355613711771811	-0.42995948168017	0.987093052648212	0.0601076272744698	0.77876008754862	-1.06554858071044	1.58388647349841	0.64260993249868	-0.381034662034269	0.128341522317639	-0.302099835770669	-0.481475136529937	0.292219776508983	-0.0562353584648236	1.18733605685103	-0.179917752495809	0.653661362668983	0.986427092494375	0.355781722223731	0.386017227123664	-0.496199110269161	normal	Geometric Segment	Scan_03	Pt_03
DSP-1001250007864-D-B04.dcc	11.313088600105	3.32810422249274	-4.34112777299366	10.4455037962897	-2.92375487454996	0.950023150964618	1.75155550339724	-0.879566553000219	2.22371798218892	-4.00887080461163	1.46041364661602	1.27226186298876	-0.366829711191613	-1.59364848059299	-0.512133573639819	-0.214141580449335	2.75601622117835	-1.39196382666569	1.04284515333194	0.208039225348113	0.853306712001925	0.126589676062492	-1.75523950614481	1.209125197449	3.05320917674672	0.412324230103853	2.00882021444413	-1.11478648860271	2.30416858216362	-1.63013278361589	-3.09702122151101	-0.0686275132113728	-5.14065305368024	2.65504459129972	-1.79334064030705	0.191775193668896	0.5767696860846	-0.418032607149722	-2.01514395476912	-0.0856631429144267	-0.460999454314472	2.25594189039923	0.367926668025488	1.33799498999564	0.651935408198005	-0.184431876034179	1.01980821779446	-1.81273403596744	0.247015973499454	0.00346150166590404	normal	Geometric Segment	Scan_03	Pt_03
DSP-1001250007864-D-B05.dcc	15.68648640432	2.11538012521876	-5.18156483284023	8.28634464169573	-1.95258505417502	-0.660136619062071	-1.84761384313467	0.866981680327475	0.595993891964489	-2.59116380357245	0.125878602300058	1.45008911389024	-1.41535363978214	-1.07487459278679	-0.634731441056985	-0.783729824167692	1.31470535643599	0.301024456303165	0.460291014473456	0.180053131979436	0.0964448597054323	-1.32529661004958	0.433652770220514	0.934815959444992	0.917180838417429	-0.74033858812828	-0.410560085001784	1.27688250900606	-0.282131725458965	-0.986496565467859	-0.683797193714795	0.180143759606392	0.422041123488056	0.178470460501342	-1.08020450188994	0.445614506495051	0.964932024472058	0.121365672917736	-0.497253598955824	-0.602250624918365	-0.191079874933511	-0.174785541277922	0.89108868685261	-1.48416298846066	-0.523810130969098	0.332887261570457	0.097321099334719	0.215207662646682	1.1535933422182	-0.750582550300823	normal	Geometric Segment	Scan_03	Pt_03
DSP-1001250007864-D-B06.dcc	18.7724891039786	1.16194663180803	-6.45194317724542	7.44673342919606	-0.327709579562231	0.110693863940251	-0.52269121410945	-0.96149619697336	3.29825588646271	1.24588269656161	-0.104173068374177	0.126135994002921	0.696101349654894	-0.309538879417409	-0.655138414751226	0.796801774609564	-1.72688571984087	0.0948485736110496	-1.35546370673889	-1.0785266459117	1.3164423872513	0.26744435608756	0.725536454289819	-0.727003512005085	0.252396316115922	-1.867754107357	-0.783600242464477	-2.06184463308091	-0.639690263704824	-1.18299787699975	-0.177896948139617	-0.428376678597801	-0.0814992869684088	0.709230266432144	-0.657536425150424	0.200908825079374	-0.481702386145619	0.487700334140114	-1.94663545684797	-0.545413838429472	-0.0371933115039295	-0.288488358804508	0.642161113459238	-1.33789110388856	1.57043401424112	1.07398014769085	-1.92444178121388	-1.42186124113147	1.32721244151295	-1.02720176404464	normal	Geometric Segment	Scan_03	Pt_03
DSP-1001250007864-D-B07.dcc	19.4413693639994	1.35700146138126	-6.04916777142889	7.76537423411576	-0.775507688944031	0.241589971993435	-2.24151568969904	-0.424988862143462	2.22156486473863	1.34106112793828	-1.1343863312023	-1.08957522218535	1.15039480898041	0.777770523835198	-0.455903117323225	1.52193530336794	-0.462424474421936	1.17503878666138	0.0368174837102126	-0.358306459833166	1.06226948569956	-1.38556843943433	1.01069907727564	0.0324603788723037	0.638877155710661	-0.811556517544757	-0.46177813709868	0.315184889076635	-0.634315775005105	-0.32329445704253	0.252566384601815	0.232543006569063	0.791006202776181	-0.186443302059708	0.54867252547925	1.0317790243811	0.0499142692682095	-1.85923220249009	-0.664921068227647	1.49099372149828	-1.17054853716418	-0.04816229723563	0.29072812444045	-0.347212173503728	-0.814455226407697	0.567271544821308	-0.454847008096261	-0.407965152856466	1.09024840411604	0.647623929619722	normal	Geometric Segment	Scan_03	Pt_03
DSP-1001250007864-D-B08.dcc	17.3020583348704	1.05417917742134	-5.31230870717566	6.94692665495256	-1.09286518831901	-0.744602520563132	-3.29728641768832	0.121250880167361	-0.059914106898341	1.47122664355286	0.667195815286089	-0.486431125484436	0.276036688995482	0.785257392601057	1.00973788964097	1.56365972489753	0.75406526187834	0.1281610579996	-0.84399636614619	0.885535249053497	0.662189067024614	0.311334938607311	0.0641249629345876	-0.2022877039563	0.483219197147179	-1.02383743971243	0.0478050019101388	-0.0674444819533059	-0.23316911397934	0.176155781698481	-0.0815572428397066	0.535541252781223	0.573304056222031	-0.446388185360691	-0.0655725236296815	0.0102232729090736	-0.223242420046311	1.75624602422943	-0.00793251970708793	-0.343915028475333	1.33170444375997	-0.811505837147018	-1.48662929548246	0.027739496500864	0.750294204386222	-0.0250124723102235	-0.827085402065456	1.62863546526288	-0.434780835433453	0.73266710203836	normal	Geometric Segment	Scan_03	Pt_03
DSP-1001250007864-D-B09.dcc	18.8216642591176	0.943987323468136	-5.35300280394348	6.80475850422147	-1.88103678775576	-0.0200300856395503	-1.41672410545327	-0.457111925277185	2.42433101945769	-0.775931945842092	-0.121090858677046	-0.46995386752835	-0.0131846569610536	0.405207430397346	0.0446983109463614	-0.0552695282487744	0.307605430580766	-0.80745495917978	-0.341907036730856	-1.35598454398424	-0.205031570566561	0.387989044781086	-0.153683148654867	1.12220563874043	0.437716804138965	-0.216819431941693	-0.390979792273053	0.729321388909965	-1.24265513132467	-0.119750433194032	-0.454019721672528	-0.330616883530159	0.551290650715433	-0.743169759163608	0.557307724109361	0.92571989416682	-0.426914160848641	0.873587512925477	-1.21640604918597	0.202254138089695	-0.707462575302909	-0.216507729665262	-0.621572214467175	0.493243432739722	0.42334052356011	-0.544891693027334	0.675628694776634	0.258405921495499	-0.0858906992116685	-0.923020871684615	normal	Geometric Segment	Scan_03	Pt_03
DSP-1001250007864-D-B10.dcc	19.2573932791551	1.44863604156569	-5.4306398101748	6.1469005580477	-2.03055040236442	-0.349834541339054	-2.82116151443919	-0.316596676617375	0.215582750281108	-0.34965991568202	0.0770406300949761	-0.0768652118585664	-0.344096096731433	0.804473228204178	0.328495887870675	-0.301842616250971	-0.778259364772124	1.11541044567257	-1.09494160565328	-0.474625581802076	0.762373059955854	0.382868623502543	1.52417994379169	0.495400944002217	0.687818928463295	-0.131471513411229	0.330767657109593	0.290270177794061	-0.972445817324113	-0.675270405345672	-0.0441462718723481	-0.659551711409183	0.433735536727845	0.108064804048217	0.316416206523429	0.53052853681525	-0.286504917662204	-0.413957635123428	-1.88348267174483	1.21336872287057	0.683341547388822	-0.303224377165671	-0.322868993544548	0.705000792311257	0.606892503822194	-0.378820694448464	0.00178678228790615	0.646889908467781	-0.717722569503967	0.277846963175543	normal	Geometric Segment	Scan_03	Pt_03
DSP-1001250007864-D-B11.dcc	21.1580014857783	0.300892820944965	-5.25350403402092	5.95572293727905	-1.75650851631662	0.00325545078741983	-3.06504553712398	-0.541284792137579	0.701568799194197	-0.0563113032712425	-1.18568669396419	-1.01238573692643	1.22162969286634	0.677301505756343	-0.214587318428648	-0.59787806648913	-1.00629576188282	1.15065082295748	-0.372698524791739	-0.406830156614937	0.459675279066974	0.972491949782926	0.353244350341576	0.450800288784791	-0.553423033789711	-0.943950248619191	1.74422190481281	-0.657932743905215	-1.32787416547422	-0.644576314878422	-0.137206433735463	0.229538837838063	0.0483232161875582	-1.54002570346282	0.771647060319149	2.84320353871728	0.120432293486546	-1.00655117842498	0.339157015119929	0.932385548135091	0.0769063754643143	-1.22672602173741	1.03437337202924	1.11996542061997	-0.332587916555673	0.329231386210075	0.833010448208964	-1.08463749247021	0.314950805120874	-0.50921546017144	normal	Geometric Segment	Scan_03	Pt_03
DSP-1001250007864-D-B12.dcc	20.5167355599785	1.12686232315388	-6.02528535492864	7.22659782441857	-2.22448188883222	-0.725124945198601	-2.47928556879917	-0.343472249348003	0.292807863222973	-0.892504317328259	0.0656743369862808	1.29490100087883	-1.70684033240477	-0.307293049805353	-0.214882435493849	-1.88193210655987	0.0494324009158348	-0.5944837993684	0.284701380605392	0.0159637457295684	1.2105627164306	0.498047900335781	0.823032824312306	0.390473800212283	1.14677054049115	-0.00584924087790607	1.93382196547594	-0.42077554312203	0.339431269744093	-1.27648009594819	-0.204573965919338	0.0841354851777031	-2.22839535094148	-0.91664876636197	-0.0370631459269298	1.4027442698132	0.905771299084045	0.053720238656434	-2.75191069715344	-0.234498119204362	0.0048561201608582	-1.44995312313306	-0.80453714223625	1.35784156351208	-0.869970740962367	-1.00756574570679	-0.701884482382446	0.00754535187772249	-0.651248170725313	0.378699457215627	normal	Geometric Segment	Scan_03	Pt_03
DSP-1001250007864-D-C01.dcc	14.7662599638886	-0.350887929754629	-4.09195883102721	6.26828541594556	-2.06460585785593	-0.0374928895909773	-0.951078421355117	-1.18059221262878	1.29499672354361	-0.1099676651603	0.435450452951603	-0.297938276894888	-0.894617773709195	0.534715347920206	-0.217244562875471	-0.385098650842279	-0.418212100641739	0.567600666681154	-0.295579132533776	-1.08184251135071	0.22837011271251	-0.645822239883473	0.490817834219955	0.369295205180546	-0.3457824007324	-0.0145704105154693	-1.27620309378129	-0.308390595869878	-0.00590002942646373	-0.78160308460204	-0.520208179248444	-0.314902214789285	-0.123924907487992	-0.175025060675195	1.05796128554966	-0.44355010009996	0.0684991544804849	0.373584833539983	-0.392053522220396	-1.03248991535131	0.206685172334848	0.800684364525521	0.57066519044435	0.343167894536265	0.0891875422625494	0.198832100090528	0.253928273097201	0.0179556506541733	1.14778236428145	-0.973783123134619	normal	Geometric Segment	Scan_03	Pt_03
DSP-1001250007864-D-C02.dcc	19.3574686477933	0.876623778565531	-6.81112652001179	6.59295021083627	-1.16937535357524	1.43011607301028	-2.94308187633061	-1.13903581858946	1.23863488599077	2.04350029419845	-2.18917621300421	0.13384562610771	-0.304025626615728	0.0549156671549868	1.85794191799804	-0.460919735783774	-0.74066714019105	1.32334644083944	-1.01596986091247	-0.189189927540721	0.158657015310742	-1.04917356084667	0.991402876406792	-0.38711465037972	1.67835637375709	-0.606725122372527	-0.12673618677823	-0.538519872927708	-0.10607513096169	-0.418424130059799	0.427872613309228	0.426105176714753	0.260662969447296	-0.707755983652816	0.345580916998145	0.80597474817276	-1.05431437588404	-0.381060288211332	1.607707532873	-0.0359452195745295	-0.62095408521726	-1.47730793772997	0.122098277537102	-0.251877340648964	-0.249613134330735	0.520679246885668	0.498325293940323	-0.030416042310789	0.114601096944494	0.653461576729019	normal	Geometric Segment	Scan_03	Pt_03
DSP-1001250007864-D-C03.dcc	16.9667469125737	-0.205576509122616	-3.92487305309284	6.69437777144891	-1.26319760885038	0.717049323618547	-1.64928636070832	-0.727624557086064	1.16494093295908	1.72518656607755	-0.99796416219047	-1.5455262596091	0.997586335074857	0.0205882999567562	0.335573820087024	0.22314861119947	-1.49528690443518	0.210593585735301	0.0512703761875555	-1.2939138097699	0.509500104875509	-0.115400971506296	0.390883284434659	-0.109645141698162	-0.741716582187124	-0.864609452282565	-0.794494342224301	-0.903934445085088	-0.00626340190314039	0.263292445996996	0.0813959442379896	-0.530717607486493	-0.11468325468517	0.373402857804249	0.647938326510469	0.510915791675348	0.632788799307985	0.953087387598113	0.40976830666063	0.26689013526504	-0.206352348392007	0.0745359008197003	-0.635993267348412	0.199148826836434	-0.346574761733791	0.540288256480097	-0.301635164778139	-0.659813653814273	-1.01361843423093	0.0672806848381785	normal	Geometric Segment	Scan_03	Pt_03
DSP-1001250007864-D-C04.dcc	17.9975920660544	-0.600051628132538	-1.49317074572868	6.59838572297094	-2.19568018944893	-1.50142350356074	-2.74983965281198	-0.246681808755544	0.875610936344369	1.38384040319701	3.44052687455201	-0.0290241029591098	-0.68395329845844	0.00237258955327345	0.138946449881697	-2.10455343476443	-0.991528427027659	0.161106577896557	0.659084033107798	-1.35258461189686	0.0424010274709265	-0.267892271245263	-0.493813643338491	0.174869283092495	-1.90518307700637	-0.00565851054008144	0.149931972037303	0.291240105185914	0.058755200105041	-0.119168744074957	0.428643629511051	-0.90977903403672	-1.02962819969935	-0.220400485882012	-0.45976798349941	0.663556577575084	0.350270683688458	-0.0774222671319786	0.556243277891296	-0.292085146543155	0.0175803877013475	0.41775148282329	-1.07625671159176	0.398575107806296	-0.602601689285201	0.531999175796941	0.0568093157848798	-0.901740177859522	-0.73427689746219	-0.137276383576181	normal	Geometric Segment	Scan_03	Pt_03
DSP-1001250007864-D-C05.dcc	16.7163086932841	-0.246207296057382	-3.69446114713222	5.37989459404273	-2.14947859439206	-0.637537987701063	-3.21125511708485	0.741084803757256	0.00333376561691634	-0.568723215366868	-0.205779243040159	-0.802526184625301	0.860032010675647	1.03388941013672	0.215461586508329	0.717443955752361	-1.24393195697745	0.996358454396825	-0.199568268919689	-0.132107887153606	-1.11523744638223	0.610179847573849	-0.0300624027060605	-0.199672913600428	-1.28416102544951	0.347911784449998	1.18807450654423	-0.0975405383724161	1.01683990896471	-0.304821905053606	-0.0555758236112109	0.862142810966782	-0.308846056332927	-0.547855792134697	-0.0269349406184327	0.0438435227429215	0.186265257980146	-0.234344925600077	1.2467283827587	-1.04117447356354	0.25756831679201	0.220155238859662	-0.476229659117772	-0.483726199105704	-0.452023742714317	0.300414960068228	-0.0222112635907699	-0.345369495776007	-0.977098205789714	0.973482882697713	normal	Geometric Segment	Scan_03	Pt_03
DSP-1001250007864-D-C06.dcc	12.5659266103082	1.91616572202616	-5.0397909086841	9.05278305708562	-1.24802854909926	0.264083241437112	2.82794416768399	-2.4655885458596	2.40368263443373	-2.87288341817073	0.896352318644159	0.341228991690931	0.791479550286377	0.142675991206772	3.83588591383763	0.547133245714058	2.19785283429363	-1.10897101665373	-1.30343987613252	0.0960747106048932	0.593684024787762	-1.60715115489732	-1.50546533949959	-0.00530575554919747	0.697777330407517	-1.00937434615871	-1.25213396361714	-0.18860359639865	0.275161669395148	0.396917325965884	-0.477951767513859	0.141865614065613	-0.150569160093362	0.768340359710472	-1.09661349597935	-0.850496803383245	-0.181407686250429	1.07041523681065	0.125958206154995	-0.948290092772655	-0.0988250262560789	0.836270179008388	-0.313361776823624	0.0896954720707636	-0.584420193771455	-0.122523463883443	0.161499608367926	-0.245441466077131	-0.241427957647929	-1.11905007771124	normal	Geometric Segment	Scan_03	Pt_03
DSP-1001250007864-D-C07.dcc	14.4411881294366	2.93659564362655	-4.82184349622123	6.64566518261779	-1.974516136234	0.147411094487718	-0.88276063141961	-0.497598529050772	0.166145196912897	-0.226918919860284	0.0312112051330839	-0.167008525809349	0.465881933059471	1.35867909670407	1.24015842589684	0.16345403656445	0.708054077643657	1.70171661714943	-1.0654707978651	0.816408793235119	-1.45303742411631	-1.55387854700346	0.735817546986503	0.963259602421666	1.48552242418019	1.02725740116903	-1.38754346069958	-0.123492286828847	-0.29320772965395	0.639909961775787	0.516615475242877	0.760614184548791	-1.95260939142029	-1.17124406582297	0.240059850408715	-0.567937162885938	-0.188697006399955	-1.06530950236335	1.46554194061801	1.60551768974282	-0.864837148147616	-1.32144470991243	1.74267274476688	-0.0903128172387778	-0.878183689762556	-0.140314225049697	0.145103404369764	-0.265986876371105	0.0737052869927235	-0.631010886259257	normal	Geometric Segment	Scan_03	Pt_03
DSP-1001250007864-D-C08.dcc	15.7202866249129	2.19762938837947	-5.58534586606973	7.06209134266254	-1.8429968458213	-1.2155171501303	-1.6921820761607	-1.25480722567346	0.451909536583665	0.0801509268528922	-1.01823019786613	0.205453697698239	-0.410612024066749	0.587176120901289	0.321731974467282	0.714122895309419	0.101516536729986	1.79945926205414	0.0576965457782331	1.92112173090498	-0.522306461190662	0.621245832300199	-1.0360324287745	-1.42860055792378	0.0330479275371811	2.09705140476819	-0.792866230989447	0.753214916431728	0.300933285027391	1.2949897291558	-0.176941261963663	0.0863056677314361	-0.711609690453333	0.98412659217986	-0.354615910749681	-0.706655641729548	-0.362471724080111	-0.324942126787542	0.224106768807286	-0.101865380268504	-0.666811501318734	0.907002619758506	1.52746020369386	-1.02169946070047	0.948928521482891	-0.492512986628344	0.810395302155794	0.928290891036962	0.12867700477231	1.04027686539676	normal	Geometric Segment	Scan_03	Pt_03
DSP-1001250007864-D-C12.dcc	15.2025676922728	0.0157740477794747	-4.16247404099367	5.83593642260941	-1.85377968466475	0.701714819836414	-0.620849166609286	-0.201510669771888	0.820118992118637	0.501688524324197	0.164144948213835	-1.530997156333	1.31558620354558	1.38858480528874	-1.65627310056864	0.373681026182764	-2.35618487182205	0.521608065816488	-1.77071240297949	-0.577924355467137	0.731262833492369	2.32787082731134	0.664322815485015	-0.751936157455216	0.566725647188087	-0.873009136771683	2.56082074893289	-1.49711370627154	-1.08041359473498	-2.15696494156974	-0.439164782791	2.5357022360073	-0.247583294813347	-1.32135093644704	3.10216143310467	-1.15584633856969	0.961766610359687	-1.30343735156375	0.951796940982129	-1.31695514295753	-0.237289119944706	-0.499147409218542	0.360929828643791	2.51941184673665	2.30900957865971	-1.63303765590407	3.49065886839519	0.108179523433575	0.237650572323085	-1.54427283638097	normal	Geometric Segment	Scan_03	Pt_03
DSP-1001250007864-D-D01.dcc	15.3883861507745	0.693472591796853	-3.83500764108117	5.82931283478212	-1.87313432466135	-1.11701403638563	-1.85018344265479	0.506892759790652	0.490352245348573	-0.906165167828664	-0.00804223508750887	-0.384589019558444	-0.0289577023688215	-0.539930224902336	-0.296737162512479	-1.4844316328524	-0.0592609149395411	0.0773703373204907	0.0479725161323991	-0.454050241266402	0.468206276265364	-0.559793774499509	-0.248324638807463	0.103315764620876	1.11999960381648	0.783583922294383	-0.3503178565355	0.339151658828407	0.131647887432346	-1.12478080169874	-0.229758854989367	-0.0784996574662028	-0.45003362632918	-0.0942639848217262	0.056569894167982	-0.796277439270478	0.53239649711602	-0.584603784132898	0.730752450021801	-1.17033308585211	-0.453799650169637	-0.354926662511076	-1.18934368872233	-0.993543919174682	-0.718269369335993	1.01020383064605	1.20655251089913	0.333316450649688	1.09737158757185	-0.16599166612663	normal	Geometric Segment	Scan_03	Pt_03
DSP-1001250007864-D-D02.dcc	15.4457212815639	0.0338970409034006	-3.26533331202305	5.22827056696759	-0.381092056021218	-0.198336807844273	-1.41804089377892	-0.0700322556783345	0.549582604389565	-0.851176988152831	0.248974502284908	-1.41190333838627	2.11349395645672	0.341767308555203	-1.05721645712811	0.409106378960491	-0.973481433754723	0.790440736113891	0.59596356196168	0.0897795035835962	-0.0942711741649802	-0.442324468070234	0.244180772678312	-0.806521289437537	0.386096354871301	-0.651788715210678	0.443925087728449	-1.1136757039438	0.245936834018359	-0.674542220542357	-1.08014816480931	0.0641687446982582	-0.209248451680523	-0.118621024271065	0.214618447540149	0.563898087189359	0.006742376034274	0.0238747527186169	0.7312234536605	0.982683003235552	-0.290966707541681	0.0460572605771945	0.313589758479115	-0.231296273298225	0.0975291553541136	0.0558981333877854	0.292057399267616	-0.411662064534029	0.144616948581732	0.107420663349244	normal	Geometric Segment	Scan_03	Pt_03
DSP-1001250007864-D-D03.dcc	15.3645838017192	0.2789389721433	-2.60660840439558	5.87702868526868	-1.55740069217544	-1.67040625377448	-1.34006904172971	-0.253687500781274	0.481155211825914	-1.32735351633689	1.32303718646543	-0.0406225406480714	1.99045792933804	0.89265298135458	0.14606482203029	-0.172368171226627	0.683924398348867	-0.24526363672649	-0.571003351130994	0.965208624099665	-0.772763118169005	1.17760938096785	-2.11240719156135	-1.53229946179472	-0.691296092395775	2.31506269521326	-0.117042969219328	-0.658566927157791	0.356541190073015	0.598619817073105	0.244541977847	-0.162208370941561	-1.00145908769039	-0.134704485895467	-0.00946429745756842	-1.36392257843982	0.136348531967754	0.690416049372829	0.279750668162675	0.272572667722477	-0.202926668790344	-0.0502691246367919	0.675340420634088	-0.905872954102883	-0.0783488939381894	-0.74523289030236	0.953601127924488	1.41473871803344	-0.625793061234193	0.652395637071094	normal	Geometric Segment	Scan_03	Pt_03
DSP-1001250007864-D-D04.dcc	16.911183839961	-1.03735605845503	-5.92057281149087	6.50065885478176	-1.59465323510605	-0.743066089814153	-0.390146007758621	0.424275595473029	-0.173445393118554	-0.84913855051767	0.259893126816886	-1.36763498017157	0.212682336043663	0.143292729549	-0.740904171165691	-0.596230921507319	-0.657811116810314	0.356237460475371	-0.270306627579568	-0.0231764201365354	0.105922808743458	0.778021294477063	0.704945332423817	0.0662777830232595	-0.826297479595841	0.266609910262625	0.868181552271902	0.638277782861027	-1.19564061079311	0.153539605957007	0.445066142458501	-0.418517946993594	0.712234672173682	0.4638271143817	-0.231039375523441	-0.615080408219548	-0.503770068440118	0.403150584023783	-0.411891784857839	0.910095215757136	-1.52880569697253	0.203665542158816	0.00548326567057783	0.0735956333913184	-0.172913350856052	0.49286699812568	0.340372344426282	-0.219173192655666	-0.112471905015495	-0.837299126680095	normal	Geometric Segment	Scan_03	Pt_03
DSP-1001250007864-D-D05.dcc	13.3976144914693	0.747951573898993	-3.82724246206043	6.32964880844893	-1.97560402315295	-0.683742807298425	-1.42529129848603	0.100148601502786	-0.665471760918646	0.116455075463154	-0.871015682517132	-1.65074790884211	-0.423151391659638	-0.427683601230203	0.812576212796454	0.104507937660659	0.348746345071653	0.485786699847992	0.195453112810445	0.942910139727995	0.627801258405218	-2.20391044508171	0.505715242127716	0.367976522688741	0.933774776536607	0.381812068884827	0.552870359174562	0.49405964741328	1.87403352438218	-0.731636198819464	-0.0156536119235996	1.35064856647045	0.113207796397988	0.693405613252389	1.71825196396031	-0.998557508689987	0.134225269853802	-1.73741858720756	1.30681829759482	0.736796196142503	-0.651671038801965	0.249801382216379	1.33557261868172	0.176978335639159	-0.821273940519621	-1.56206532176854	-0.670796369727145	0.228190412444985	-0.65072221572413	1.45792797671692	normal	Geometric Segment	Scan_03	Pt_03
DSP-1001250007864-D-D06.dcc	18.3110018185445	-0.0522766299224706	-4.6184301702565	6.92549091378595	-2.29579023418084	0.00219186402058542	-1.61131942046265	-0.0838590448397097	0.581170399112295	-0.64182685573031	0.49539320456935	-1.58274779643201	-0.332537492610262	0.867150759314418	-0.493130772024862	-0.336672811538663	0.0177813915017408	0.509170167502616	0.675073252777823	-0.0879968582216489	-0.422115444859951	1.3246512418336	-0.106306844826207	0.164523051216278	-0.613481102228366	0.693924478252229	0.708589319433564	-0.888734645353766	0.00701154412707331	-0.245698435940184	-1.69976601890849	-0.835901136346333	-0.0972883244456053	0.183907151506499	0.541852647626718	-0.048336502344816	1.36805227671037	0.209839227917243	-0.48359994365647	0.794288533281639	0.458558732857471	0.687663516800725	-0.44942986029947	0.654074933226003	-0.544976189824774	-1.21979027258939	-0.428176650191216	-1.61768009669607	0.62884558048676	0.865703961911631	normal	Geometric Segment	Scan_03	Pt_03
DSP-1001250007864-D-D07.dcc	14.6948463182577	-0.748978933408887	-2.69485725744339	4.70171326095655	-0.86447374497978	-1.85571097611096	0.22091665345545	-0.457117046367017	0.97071322883057	-3.42790674095703	2.03655039496491	-2.10133074388055	4.22417712208558	0.973387449094991	2.83296844093562	0.451881297223504	1.68070670220846	-2.4037568748701	-0.765404215326425	0.262153493796821	-0.964350319471088	0.269317630392051	-1.04831301198728	-0.420382976466523	-0.669026542115587	0.71671998386975	0.653058790214837	0.158224767802015	-0.276248929990379	-0.295754256187245	-0.514070362890595	-0.68493925546489	0.892304968307313	0.378004151544912	1.19759909845667	-0.54237094190956	-0.183486916757249	1.56619187194698	0.645150118641642	0.96251291301304	-0.322371934926461	-0.328076321177259	-0.191159487208593	-0.583943825250319	-0.0510398993923482	0.0925101016693248	-0.274746123338312	0.945082861243462	-1.22730305603795	-0.357743598657168	normal	Geometric Segment	Scan_03	Pt_03
DSP-1001250007864-D-D08.dcc	18.0405469985072	-0.884372810058297	-3.12175237206264	5.50705749118061	-2.57531260875819	-1.06887787440314	-1.40021515043621	-1.99027516336647	0.40616617575341	1.43026882049023	0.595948991980786	-0.937912075132354	0.0731092497526045	0.549286017447335	1.27692976840268	-1.40412211216108	-0.815436088177097	0.398411603821506	-0.239952649448243	-1.30660828891018	0.499112403597193	0.208330788622034	-0.250878893006006	-0.162371067877978	-0.801350323811467	-0.264573427501295	0.621670610738352	-0.624765003887222	0.291200328646965	0.550112772821882	-0.0949927566502708	-1.55976506024181	1.13287622304549	-0.132864049143088	0.227901867644213	0.114772483577295	0.71768681611961	0.199264189618852	1.21256133809512	0.290316589505436	0.483424381043886	0.00144029929453934	-0.99294967847596	0.044410201398322	-0.956055494571043	-0.00715439045244681	0.352530430864065	-0.435549620198007	-2.07156305623307	0.761185987265132	normal	Geometric Segment	Scan_03	Pt_03
DSP-1001250007864-D-D09.dcc	21.9898881366586	1.01259501996477	-5.05204787631685	6.44271685777586	-0.691645006570225	-0.0713517830448689	-3.31656603829271	-1.09501076641283	1.54170647065228	1.62713965570446	-0.286503587605012	-0.651220529451018	-0.553999541828238	0.260035760712419	0.146662606323096	0.218948897686495	-1.4769554028244	1.16910440149876	1.23545116769963	-0.426270952704839	0.0186166018363669	0.562989325062692	1.03777434439361	-0.51255427491001	-0.80650537763209	-2.13324415504306	-0.683947398271608	-0.965434332274543	0.936181305997445	0.986602983073193	-0.223876446486995	-1.38822714710419	1.24116116181097	0.419337897928463	-1.13438551447206	0.880895524415635	0.22227709716115	0.840240468264499	0.645629023205156	0.332040279201822	1.16743153034856	0.433641293743175	-0.81013437947727	0.453869600650006	-0.382751147634831	0.503706164104169	1.17327289091805	-0.310220629934224	-2.03324456086508	0.830702191582457	normal	Geometric Segment	Scan_03	Pt_03
DSP-1001250007864-D-D10.dcc	15.810843817851	-0.392857217779962	-3.76726018382971	7.11974653960507	-1.72115004464734	0.404718888514468	-1.51498863767894	0.267931610509582	0.836583321023144	-1.01770708170425	-0.157601925680561	-1.17473333573299	0.310068933682451	1.4311950606627	-1.57404959182139	-0.409716400381172	-1.1011989285965	1.01611423500728	0.426663804764661	-0.726551445480924	-1.77504771209494	0.415798520011271	0.211672295002619	-0.890707057066348	-0.740558036846103	-0.274240584668098	-0.185144260534343	0.275352896573402	1.74627582747316	0.907473161178699	0.785568517667842	-0.581655854414461	0.743156643430909	0.673690263948125	1.25483266252361	0.747983209292646	-0.547671420353598	0.158164979942602	0.0339052972826719	0.517321032532354	-1.01543956973282	1.72380686362151	0.643453657380379	-0.449179637116676	0.517395787941638	0.0513891419303154	-0.0405378703573818	0.250181252958035	-0.242753318236752	0.276951029398612	normal	Geometric Segment	Scan_03	Pt_03
DSP-1001250007864-D-D11.dcc	17.7300571925819	0.330533691052033	-5.5514833652767	7.04772932466169	-2.74016936372431	0.28265316785352	-2.65991717357812	-1.63200148031595	1.1953742400473	-0.441238809507332	-0.893052752209495	-1.49479294534992	-0.599281541380285	1.22018355187239	0.885267696405889	1.8235557977974	-0.235697008974765	0.604222554497376	0.544703065395477	0.838781188327702	-1.40121713127726	1.01224136819287	-0.466073763027829	0.191069991844445	-0.898977910811922	1.96586240734448	0.837324413393895	-0.28518689959611	-1.1064477430429	2.10829918120992	-0.323215399238646	-1.67488495703306	-0.0653891669160536	-1.07255304496564	1.2099344029852	-1.15530625611924	-0.0740629673673325	-0.0117705435660206	0.328395464047038	-2.04430412966448	-0.492454637193986	1.66608916773252	1.02860280855994	0.766482504672447	0.826320787699727	0.762229297970395	-1.57317000055461	1.24563981775756	-0.507291270833116	2.15620310393344	normal	Geometric Segment	Scan_03	Pt_03
DSP-1001250007864-D-D12.dcc	19.2047612046601	2.3193481949466	-6.41648416476592	6.83089432975632	-2.61121795838371	-0.688251037415095	-2.50537973999389	-0.344901980856269	0.846698654280606	-1.04857921688573	0.305785068367562	0.657254752008217	-2.12215479068285	-0.627692492047178	0.0446462719419314	0.350802910029113	0.910087390854662	0.534142172096671	0.772686227263661	-0.0739995800336654	0.514340440028994	-1.20849584567833	0.566005574650384	0.590055698298865	0.590427780234646	-0.0673826716522826	0.149215508341964	1.08417768283475	-0.210296358251737	-1.1315353893095	-0.794056889574427	0.882230449502946	-0.206845417565709	-0.369817542249012	0.113443278453599	1.04146809370916	0.32515352645386	-0.245178601336533	0.00139932029353618	-0.191447010162957	0.943533136279972	-0.17653216278784	-0.224352719346068	0.739583778642863	-0.245822047736417	-0.261121567557317	-0.896847416955502	0.00180643435944534	0.273007033020551	-0.0961746513649565	normal	Geometric Segment	Scan_03	Pt_03
DSP-1001250007864-D-E01.dcc	19.3035914272044	1.6247092544615	-4.80579608676993	6.14715779854069	-1.22802508047553	-1.55681282600007	-1.66942898140291	0.828172804474366	0.854870089540368	-1.05504236333705	0.567866780101074	-0.28905616686216	0.588674356001591	0.104557650701157	-0.87089935738151	-0.274884564191733	-0.122906017949414	-0.0812619025716838	0.660959152224332	0.275327596993046	0.47202815778941	-0.677481298088856	0.53067492257056	0.181298890264432	0.385431157269579	-0.265022200389288	0.334446744743156	0.749635471111299	-0.453206946510644	-1.0492961746899	0.379964023749345	1.12513983736169	0.290775401744104	-0.288781234087059	-0.464442564321039	-0.0480301825673293	0.601382111100146	-0.144109864334265	0.700796341100778	-0.489442625935466	0.578214696922034	-1.11154526235502	-0.28632406408566	-1.06549522532617	0.849906209876685	0.142398785978025	-1.19417057197741	-0.0996243100784543	-0.0663989596796812	0.473031459848057	normal	Geometric Segment	Scan_03	Pt_03
DSP-1001250007864-D-E02.dcc	15.2725861470909	-0.35355878135924	-3.82797261371434	6.42304858276852	-1.48494195966769	0.0781435527630986	-0.237106198911051	-0.550527223658248	0.452902820095698	-0.845549864053755	-0.0967595641234836	-0.0897251421185408	1.42783252313293	0.632742490826357	-0.990097501247642	0.776037657632267	-0.698661655720206	0.67053180533274	0.694162768764902	-0.12341945784843	-1.16277276940428	0.114520572264881	0.632626739893828	-0.205256679745971	-0.700704824690545	0.294871068879395	-1.06131043941123	-0.404860119707365	-0.195929302260779	-0.295550510019852	-1.81790619881696	0.648951520473817	1.54454593586179	0.298657444541834	-1.16239498341358	0.252694535925844	-1.71380041072648	0.118174009203073	0.425431119836277	0.44190213994656	0.85818457311775	-0.0217223271315947	0.599597889068861	-1.63421917345611	-1.24941339506467	0.0157330644078319	1.15311217040404	0.760671599919949	0.756388606287268	0.1830744376002	normal	Geometric Segment	Scan_03	Pt_03
DSP-1001250007864-D-E03.dcc	17.9553761340881	2.11854175136746	-4.50844208191587	8.18141778411582	-2.40796959152316	-0.657373935346943	-2.15667259219002	0.781717527361556	0.370320336229392	-0.799566058314372	0.543469024877879	-0.0331359514760166	-2.15735863915472	0.453869716451218	-0.0580325966410468	-0.202669298287729	0.319840724258048	0.667332392063953	0.349725948030749	2.17954629799627	-0.885235964219925	1.06358611901161	-1.55808156105794	-1.31282870034342	-0.251494921059023	2.65399750866306	-0.898682660491697	1.22587939431818	0.862802724007951	2.19460795905809	1.24588002660486	0.360417342059347	-0.526303107866512	1.3605035456979	-0.585967698389495	-1.03147626015734	-0.708493413518191	-0.0709686135077285	-1.21963331439477	-0.193713557306292	0.425269793192759	0.0624951627533723	1.25817423869165	1.03044727792999	0.290623180698968	-0.128279644328885	1.57276056847909	1.13159661846118	0.622597765982312	1.02745206421028	normal	Geometric Segment	Scan_03	Pt_03
DSP-1001250007864-D-E04.dcc	15.9597795901963	-1.15182445683168	-4.985134474203	4.54445523325341	-3.29806521376024	0.0790366008661809	-2.36818558016021	0.254461248682915	-0.171889040545444	-0.305877076102616	0.279132123214956	-1.02851645587548	-0.906652451006245	1.86792740366286	-0.434496036527291	0.357657464127419	0.173558882250731	1.03784797443205	-0.482836582466915	0.499924777700932	-0.0911217310644624	1.84029109097644	-0.721761941520875	-2.46369992463875	-2.9953848515514	2.69727395546233	0.199898162232459	-1.33359824476627	1.40977473772187	1.05827895553876	1.89594911505597	-0.261063899001435	1.91915062220041	1.85463882611496	1.35159297526808	-3.49249262618021	-0.280865199294883	0.8227805640918	0.7903425327161	-1.9354526416306	3.96046066577884	-0.373230460917983	-0.476114562397751	-1.32357781115883	-1.36583759026927	0.261123984089009	-0.54880169819867	-0.631200469035155	1.28652773474083	-3.11815249735493	normal	Geometric Segment	Scan_03	Pt_03
DSP-1001250007864-D-E05.dcc	18.6450601729926	0.105105984223413	-5.67809155147842	7.27670769098817	0.100103695744211	-0.790804086528777	-2.75101300164884	0.121608617754211	0.419287683557489	0.95784262896637	-1.36815751429746	-0.837234076023833	1.35140631872114	-0.283994068264739	-0.516946371993239	-0.564930409615365	-1.60655407622225	0.556864123006731	-0.0714110153737979	-0.57774496764525	0.603349796195712	1.47922068276708	0.189723689126834	-0.288870331909469	1.73992449229581	1.16396075250014	0.00879946328513	-1.74611193826409	-0.672950549570043	-0.209345407991587	0.161707267106696	-1.04271451767597	2.95040573847331	-2.43789465322831	0.104989242609669	0.144340882230454	1.18489964832246	-0.35752824488637	-0.965488599814842	1.34323689508422	-0.367195244846342	0.459222430268481	-1.21147150791968	-0.48105879274851	2.1319554909846	-0.793984628932738	-0.980497578092891	1.63103418119893	0.678909943544903	1.6229854495502	normal	Geometric Segment	Scan_03	Pt_03
DSP-1001250007864-D-E06.dcc	16.8293628085802	0.286145759906051	-2.03125441221499	5.34353111280182	-2.08906917587282	-1.85847310193959	-1.87116611486128	-0.307857453064137	2.0095493296835	-0.239292497540223	3.6941316668215	-0.346395375979961	-1.91336230853378	-0.696440486920734	-0.662114280544658	-1.53008654959442	-0.619657212227501	-0.303849024312713	0.744372177287252	-1.73885819214834	0.346409553175157	-0.311427446004344	-1.47970499199815	0.44788104217342	-1.84636071934533	-0.102078977258534	-0.244798662360528	0.0988633677123397	-0.0223676744370288	0.702587686016703	-0.432712316730593	-0.460995831295739	-1.08688976180879	-0.237390311835285	-0.257104147862212	0.858248675931672	-0.530110852492165	-0.030303033963805	0.918615666794909	-0.97373179694223	0.723706874235	-0.221982515215431	-0.0319563779018242	-0.575668199488174	-0.879081369405815	2.04588481338338	-0.0078546881399691	-0.0685909951405725	-1.10684001502567	-0.680946633083393	normal	Geometric Segment	Scan_03	Pt_03
DSP-1001250007864-D-E07.dcc	18.6716014152073	-0.339815128342675	-2.33378511451785	6.18850799848072	-2.3107638823773	-0.87704183832984	-2.66756332569608	-0.515765127720374	1.82892516467663	1.2207408832211	2.83390404998643	0.397108015757882	-1.46053642795399	0.333005926200842	-0.0437484426873119	-1.21251016152597	-1.49541135411073	0.622775807435279	-0.195105031602723	-0.631051034538232	0.622230641859016	0.483167747786974	-0.176474213422164	-0.242708232627638	-0.813995058229802	0.388273821474086	-0.920705504077955	0.198124126647335	0.0525444072002426	0.336274360777985	-0.261971531625325	-0.971416432798319	-1.06368485698678	0.32396807170499	-0.12841063171243	-0.677154843325849	0.491328086028606	-0.517650883281139	0.723800007913268	-0.248481930863307	-0.70666606483687	-1.36279579355931	-0.35943954171086	-0.379081545168773	-0.748271821874759	0.970386455828228	0.411172357400452	-0.738084529267753	-1.05697351532094	-0.0335878391298855	normal	Geometric Segment	Scan_03	Pt_03
DSP-1001250007864-D-E08.dcc	16.458459107734	-1.0761058858535	0.33013097103927	5.10301094600601	-1.66549332009533	-2.29572850442149	-1.69092387906315	-0.230511635402359	0.187354169206204	-0.223699368746232	5.3302089847333	-1.59168760212512	2.53498502384927	1.3932420664832	2.98929543876184	-3.39746009213766	0.420249371500775	-3.08393335115888	-1.69180385681765	-2.03488533629715	0.336927819700446	0.159532540256676	-0.70473263295329	-0.208380235321733	-1.03568947062271	0.658006843064479	-0.541436021918574	0.132575330037962	1.40544185392929	-1.18060392601699	0.0864668149712862	-0.877194567685482	-0.464657532824641	0.753457237523003	-0.447873535244587	-0.835408350037993	0.514833168501273	0.0374976012668049	1.09143135204134	0.775392203667975	-0.622891990697763	-0.528118157505253	-0.964298826312399	-0.359868169836662	-0.267222304676805	0.318582404869321	-1.06637747688455	0.104524921729076	-1.48138244927622	1.33803059526124	normal	Geometric Segment	Scan_03	Pt_03
DSP-1001250007864-D-E09.dcc	19.8439321904642	1.31689359397441	-6.41751623293441	7.49102979328908	-2.20682777679958	-0.585391792621932	-3.11370238890383	0.287040246882857	1.8738785633979	-1.05490566483233	-0.483514564113931	0.482382664332615	-0.476901982015671	0.62891685560808	-0.891828767770689	-1.2011531332325	-0.321627739209227	0.212534248738937	-0.620381002698594	0.636679563520969	0.813112277120648	-0.811775152390351	1.08137550205579	1.18439947486519	0.199364017791343	-1.28958599167986	-0.828001880699142	0.274805565880154	-0.587575164841409	-0.266997202113951	-0.269582754638621	1.4344545407214	0.719034851976756	-0.921819413833352	-0.62669396065774	-0.181885372532986	-0.295085957406544	-1.02029168828417	-1.07232597497095	-0.218993759703435	-1.1528225326181	0.201443959261323	0.209373245151959	-0.158791174400609	1.0097860632471	1.242071436541	-1.09387995927381	0.185888339242847	1.27508514205262	-0.336576117489343	normal	Geometric Segment	Scan_03	Pt_03
DSP-1001250007864-D-E10.dcc	17.7546343409696	2.43525918313048	-3.55035667778598	9.28728719944629	-2.16837617427279	-0.929780936085262	-2.27550377346146	2.42008222314276	1.36877642017184	-1.77740182549373	0.36658599406879	0.124023973486365	0.0963897179829808	0.748688965435962	-1.69202027309373	0.150139478185767	0.282210320607328	-1.34410949188089	-0.517536278772386	2.34725396355665	-0.0229398785864364	1.16140539493358	-2.28185738345732	-1.84256972797513	-0.701044063253614	1.00701964867196	-0.921516013006957	1.26707515957345	-0.536897919077169	1.40233195018184	1.08517309249249	0.11760556745361	-1.16063928626351	0.813460001200731	-0.557864261929639	-1.86851921736005	-1.2139658190056	-0.227091599126772	-0.997668881950548	-0.200293453396976	0.0169724843568671	1.34865929547138	1.62538658585357	-1.27669693304573	1.09725181223615	-0.772003199994465	0.623172034765182	-0.219461395092504	1.68809102127264	-0.0614065381182301	normal	Geometric Segment	Scan_03	Pt_03
DSP-1001250007864-D-E11.dcc	17.1134902907922	2.63173441726602	-4.04947775398668	8.45703435439929	-2.89168515002779	0.0548646780805671	-2.16326483024094	0.839478765271293	1.18327089255951	-1.20126529622762	-0.760502048137298	1.92099977866777	0.355692017782515	-0.297674950159312	-0.753420375480504	0.298637076306692	-0.314016030646437	0.0789133351409236	0.147186302228215	0.429791510350028	-1.21416079636957	-1.68215069351779	1.17853558822065	0.274379187395724	-0.0744511469461269	0.988696126143209	-1.93281333832994	2.44819031071913	-0.346759282984997	0.0140726296573482	1.69898291559118	0.747330909015925	1.10705360470654	-0.572858096587585	-2.88955845098111	1.06363055730687	-2.4903071663306	0.497941242082781	-0.322699974918976	-0.180251545601846	-0.694926512189128	-0.0143918664015729	-1.22533409029722	-0.185637055382489	0.552944511795687	-1.61102649397251	0.707885721690922	-1.69661190614939	0.447548226018372	-0.144602653043994	normal	Geometric Segment	Scan_03	Pt_03
DSP-1001250007864-D-E12.dcc	16.0033053093383	1.91806408381949	-5.38835309588003	7.04720187891597	-2.09128544730694	-1.01878445387768	1.38509631145455	-0.66741815476276	2.20130028761494	-3.08708770552343	2.08881127630819	-0.354031833769129	1.06699252854435	0.533819674618071	1.92430182102764	-0.394268704373475	2.24380275790675	-0.368322959055587	-1.37386773127622	-0.485396477357541	-0.11901561566404	-0.211153362240799	-0.4543055906228	0.563170586698802	1.21726294746882	-0.0319593005270122	0.0723760453800181	0.396008052699782	-0.849130118395684	-0.425546321860411	0.552822340976014	0.590001171492395	0.160532188451372	0.00293770999091674	-0.151268270517757	-0.869520285516039	-0.323809969727701	-0.039809452132464	0.625285849173989	0.0396974088818885	0.670397659403341	-0.0900475261575131	-0.128068560925763	-1.64892043481926	0.45513561753231	-0.00304110944138698	-2.05985316169736	0.483035642734109	-0.886624048506748	-1.7087464300121	normal	Geometric Segment	Scan_03	Pt_03
DSP-1001250007864-D-F01.dcc	15.9941428939539	0.310751568847727	-5.19805559532981	5.7434641256067	-2.21071485292041	-0.721759585682929	0.071243196903118	0.38104694286213	1.47428074064276	-2.79726079549507	1.68438548629452	-0.00595480164790441	0.879034432542295	0.488436435614085	-1.29535647824986	-0.478469665598208	-0.180783318369561	0.146175890071343	0.386850724240467	0.508092170859782	-1.00072576692497	0.417031516062937	0.219192926794324	-0.0314517916121815	-0.305267872146029	-0.066534200368882	-0.204259925256838	-0.715323884116336	-0.173120801155781	-0.412588610133601	-0.313347406852373	0.899318269711752	0.249097850180714	-0.509106132340067	-0.0411892048451165	0.289826090353768	-0.267696102059586	0.771249328242467	-0.376044173165993	0.341633902430968	-0.57634854202313	-0.349778603613971	-1.28472745526294	0.638165179168434	-0.0125183226173747	-0.25848266155483	-0.463555975607719	-0.427441819624948	0.402906585529461	-0.622685048896693	normal	Geometric Segment	Scan_03	Pt_03
DSP-1001250007864-D-F02.dcc	-29.1268304140576	-7.49471836395726	-9.63579334726503	0.309567359766641	4.47609062971377	-0.82208233038674	1.40675224502125	-1.58595032126436	2.48294380061625	-0.489294058642516	0.38596098716721	0.90302747593642	-2.4918928650972	3.10500450055269	-1.93866288457928	-1.88786596807554	1.23090633480614	-1.54834218900181	-2.65866101946114	3.08007627453388	-0.509719435636139	0.641450472243486	-1.24115696401145	1.40077708278982	1.77817950003251	-0.546513413894123	-3.35280222766854	-2.14611614006447	0.9064764838723	2.34074182802592	0.2493214943422	0.132194234192951	0.660660764127164	0.737973451725922	1.70455610315587	0.197331168831553	-0.312533281258736	1.75773186859769	1.11167767060552	1.36817016357732	0.157692054462247	-0.141105375069283	0.370905050512922	2.68271060629803	-0.469921511030394	1.8381595989823	-0.576321311027745	-2.07078515848645	0.272381053506225	1.167057812042	normal	PanCK+	Scan_04	Pt_04
DSP-1001250007864-D-F03.dcc	-23.6397548038221	11.8725296103325	2.72821083486358	5.39340539878369	3.01205389893885	-4.4076940916118	0.62461948173114	-0.462128947614856	0.971074506741903	2.43026951729481	-3.72129829805628	1.39696280055934	-0.118311660719299	3.7969915650511	-1.78818063972301	0.435156277834883	0.631059541453637	-2.47683328007002	-1.40133745947936	0.774056649217728	0.39454231523728	2.08243621273412	-1.0269318846242	0.8721471027656	2.59835914743898	0.0352631736683517	-2.88938855051764	1.00393246290907	-0.796227921059459	0.242811367094338	0.317672125778861	-0.270761519876685	-0.856884076169502	-0.420675360295413	0.25787880384382	-0.1675527556565	0.443196316674579	0.0912364164097824	0.846006397521789	0.328844378382393	0.511242437422918	0.308662726967255	-1.59196014226489	1.64289802031138	0.837573765991371	-0.000346839502918485	-0.392000311691871	0.28372024292077	-0.77203299472829	0.573699677836865	normal	PanCK-	Scan_04	Pt_04
DSP-1001250007864-D-F04.dcc	-28.3020081219027	-8.69467464148999	-13.3066934942936	-5.37522610578849	4.19253094134137	-6.62569353473016	1.037511632235	-1.84677944192403	5.15621954810703	1.10349114169654	-1.02685959087769	-1.45692569862189	-0.475631375740145	0.873747611503442	-1.9477373766236	-1.53155063732796	0.264896045655914	0.699985557230379	-3.06507214441049	0.360964122644564	2.43341281035971	-0.500012284509101	-2.29923678297252	2.67054807242734	-0.0509645334731414	-1.84475137086757	1.95751919553057	-0.0349893619311559	-0.257231181549904	-0.0440760280037999	2.6908588273816	-0.434284616026638	0.357111234436374	0.214583800891326	-0.763480806532927	-0.00876104548493285	0.586754693779842	-0.264621522457009	-0.350108118047856	-1.43174218510541	-1.04322984637926	-0.341957597111424	1.67154323848924	-0.995116651231791	-0.588868738328128	0.252102145912444	2.43320052714066	0.238238892489123	0.216922406755707	-0.126580394665778	normal	PanCK+	Scan_04	Pt_04
DSP-1001250007864-D-F05.dcc	-23.5450846912897	2.53109999926714	-2.72273108597686	-1.17387636978771	1.88304996792611	-8.11204948000708	6.25618059836295	-6.65491175844419	4.50842199363827	-0.00150649214109318	-2.79073596417795	-2.05906730263961	-0.278549922845396	-0.564274582754088	-1.62760906967713	-0.0892751950300684	-0.212441511213634	0.0715207186928962	-1.29004571765449	0.472294157444062	0.456643172178142	1.5047531861216	-0.186230012243537	0.327403236977355	0.204267182944546	0.742697333025651	-0.093276746118734	1.21017293148649	-0.1592440585719	-0.663422589057834	-1.01182757338712	-0.700660149883777	0.373058746847877	0.827513680200037	-0.760276080811273	0.377722768709583	1.03633756785767	-2.68045830096352	-1.11772604364531	-0.402756948039772	-1.00181327000218	-0.554992437515473	-0.632108279429259	0.074203040607732	-0.391100476699	0.0252896817039917	-0.105798811076485	0.162626894033757	-0.252339022269224	-0.672932897539144	normal	PanCK-	Scan_04	Pt_04
DSP-1001250007864-D-F06.dcc	-29.3472018996126	-13.100578507837	-11.9028037508032	-0.977060754260827	4.83833348565875	0.246234913394894	1.06356800420186	-0.0351891232963387	0.553834479068091	0.388882223639144	1.05941140626498	-1.71239049819575	-2.80332151648682	3.00844650589311	-0.686584566000363	-1.42953058253748	0.520377837681059	-1.24198284539216	-1.6307265106963	0.572066879819918	0.447297218369345	0.00314854664323499	0.464714244655529	1.26350734660233	1.08565989795384	-0.0810800640033236	-0.618769323203534	-1.61820036132838	0.686799622098421	0.788852568563551	1.81500215879851	0.852365044525571	-0.412944823131032	0.260472065934281	-0.373731883433447	-1.18433606783626	0.361934008661992	1.04387004188071	-0.648586204079428	1.50869636461184	0.106138484436621	-0.598800257031964	0.189399392626227	1.09746262145199	-0.340632509119446	1.23701756048662	0.736158795595722	-1.33235630662935	0.75043764938553	1.3919875181432	normal	PanCK+	Scan_04	Pt_04
DSP-1001250007864-D-F07.dcc	-19.7690989866813	0.475573262382983	1.4505250188879	2.46346007907935	1.48560826592397	-3.42860811875395	5.08496545954271	-4.02337973051937	1.07365067342491	0.768231216775527	-1.69545543921405	-1.64804085142643	-0.478619162371894	3.2979264066107	-2.09607372077722	-0.447461063280163	0.216447900698763	-0.74133336120764	-1.47243224995105	1.00698845888852	-0.490933511360045	3.45908513784225	-0.797900723153751	-0.1757786049918	0.34574150359559	2.07896457309935	-2.09130710349927	1.0854298811034	-0.209779928782362	0.382716761839737	-0.664371662404638	-0.0322539872831302	0.0638010550814176	0.301946413563717	-0.022661705657222	-0.00896446523265261	0.280683162590536	-0.514520439496618	-0.95628157734289	0.616704605569237	0.705663533197832	0.171258567046056	-1.08295398097272	0.0519716186752318	0.655764112327446	0.0656989469693608	-0.000964057994213632	0.0424424530939319	-0.851042023243919	0.694688063080976	normal	PanCK-	Scan_04	Pt_04
DSP-1001250007864-D-F08.dcc	-29.7677890079699	-10.4995726272628	-13.0474620586871	-4.50942747091392	8.81546786417347	-8.67430354751673	-1.42771345539034	-2.33389150895722	2.97368913121377	0.892442055143045	2.41612456348628	-7.02758631708234	-4.38203513483463	1.04510859561725	-2.20942853575311	-1.1653578617893	2.33763282690987	0.599275461177544	-1.08446649678584	1.30520335101288	-1.07155006925353	-2.45234912366105	3.71558640846424	-2.24420151762954	-0.349453283791467	0.146028237990439	3.68854736063594	-0.82936314469359	0.736784950976796	0.0307638122416823	0.401655011563841	-1.23106187784494	1.25656440870495	0.100064985893906	-1.70972441166152	-0.3175968524832	-0.386906705171332	1.44613349691218	0.667745858445347	-0.289503900370584	1.76484941140258	-1.78561822482431	0.671365626026159	-0.500323715031431	1.35663757735323	-0.6291454694211	-0.502170293212395	0.419143754954321	0.713245325839507	-1.28723363288182	normal	PanCK+	Scan_04	Pt_04
DSP-1001250007864-D-F09.dcc	-20.7777018303669	3.36837741782002	2.75699761955541	0.260180736262317	2.24372594412416	-6.39076791280292	5.29326653630735	-5.44789161553283	2.68364744862191	2.28310336871726	0.671693997124161	-3.88467691791713	-2.95552043025311	0.156355534279299	-1.19634649035513	-0.310692847696634	-0.432259731654433	-0.338384840111034	-0.97542509371976	-0.140365022068766	0.0834613461696814	2.16686947422105	0.711809019419258	-1.29648285601713	-0.3391950805744	0.317324188693268	-2.20860738085071	0.467913865224311	0.955643885076435	-0.834639385663064	-1.19515011658886	-1.30910076035772	-1.1584379385888	-0.665973720028609	-0.890047080762276	-0.00643031213841805	-0.0850461384849608	-1.43020023508408	-0.350501882961536	-0.161600665380735	0.590440895396797	0.0799704798620679	-1.42361231876621	-1.2408883466796	0.390473504126801	-0.304713801541939	-1.69556134270843	-0.475126536111541	-0.151587831623213	-0.780684499658617	normal	PanCK-	Scan_04	Pt_04
DSP-1001250007864-D-F10.dcc	-31.2092417914014	-11.1940568135264	-12.4494582562404	-2.30588543084032	5.58039916927308	-2.80015385483787	0.264020759851481	-0.798225191490002	2.70229706006174	-0.402420722794572	3.1246554508854	-1.66867788274422	-1.71814332344693	1.1824773802225	-1.84473245424748	0.719613389313778	2.21099929153023	0.630209627033003	0.098799262270225	1.68579057185202	-1.61657916259282	-2.59045487444816	0.762877889586445	-0.273573031614911	0.454560372211928	0.360801630584854	-0.863341233009463	-2.33735434447247	0.923769217924787	1.03311127682129	-1.99076561236855	2.06176731464213	-0.177064402066234	-1.32020871479816	-0.127813985803773	0.290816808875529	0.746612774576107	0.703494859188498	1.14017227028013	1.06617890650905	2.02472940632035	0.0214916680490285	-1.65704931357059	0.334059394154198	1.25795463467605	-1.02396905987018	-0.597862044722149	0.5522446805514	1.21951997190711	-0.319326274328958	normal	PanCK+	Scan_04	Pt_04
DSP-1001250007864-D-F11.dcc	-23.0997575825987	3.62730287257877	1.94318630877202	1.57096548831839	1.34333468897445	-2.14397061579798	5.81607127905103	-6.84093849993471	4.10281143467417	1.10022813019151	0.666830109492542	-1.57470455935095	-1.36444932642835	2.31037589124093	0.108621011857054	1.33912869553813	-1.24813992482841	-0.338073419219268	-0.315717336279285	0.561450434276091	-0.434643756029089	1.0447440009872	0.128601868586714	0.557867195245009	-0.0129756491474066	0.697069793327832	-1.08209948185044	-0.0154191127878142	0.116322009034875	-0.0663817813874312	-1.36861025247811	-0.148387650667296	-0.211673131529326	-1.21430655562602	0.316869250750069	0.923954297917156	-0.115106061538095	-1.44547706300136	-0.4058514297441	-0.3251974506976	0.832452500307296	-0.298207036478284	-1.42824158022758	-0.0787605411884469	-0.0365453000742316	-0.270454755219499	-1.20141114267637	0.0971782464775533	-0.0247006639969898	-0.376455507077176	normal	PanCK-	Scan_04	Pt_04
DSP-1001250007864-D-F12.dcc	-28.8983158281967	-7.79662801457896	-15.1119030549233	-6.74463610808099	4.93348045736581	-7.80664671564973	0.61013471134461	-0.543767030242141	5.2761930440934	1.17166976776623	-0.763098364853928	-2.48608796439179	-0.111351916227998	-0.504173264721669	-2.47333186482294	-2.48772705953213	0.674863096701826	1.19156841314011	-3.10768531470476	1.31858873036798	1.96254453204813	-0.318654576398973	-1.97970702056643	3.21613865893944	0.22838323999711	-1.53040502576171	2.62605114716933	-0.232307619341884	0.0232488313710419	-0.0642380541266562	3.20661297360673	0.0661331619744799	0.64890712960507	0.327184666588531	0.151258050553283	0.109132721819417	1.34900267544306	-0.644815810738839	0.307878510144282	-0.889227975884518	-0.63809726624844	-0.182295492912287	2.13953352189174	-1.28723451912847	-0.623585983825018	0.0762503594436174	1.64658921070796	-0.410716830797563	-0.246127117502657	0.754955655397483	normal	PanCK+	Scan_04	Pt_04
DSP-1001250007864-D-G01.dcc	-19.2296384475282	6.45929205505473	-0.236316287611291	0.820872842499771	1.45352311120062	-7.81155039328793	5.39336597675983	-3.3794755644262	1.21445574450002	1.83714467958444	-2.08233022856982	-2.36683420754663	0.247744705945	-0.498262502301122	-2.30427997750282	-0.35678846859469	1.68044139496673	-0.311447551761107	-0.379293995856922	0.97955252138212	-0.646169125445281	2.88507431203221	-0.371322406194558	-1.87604093257813	0.718411905892215	0.201027233422347	-1.92589468876431	1.66605979011515	0.327167176743002	-1.25947400106366	-0.450072811482573	-0.744745435775453	-0.602006145436632	-0.453266291392533	-0.793042000634882	0.83660757787944	0.553362983659762	-0.361243795501136	0.115732708244781	-0.165513744085417	-0.211053571027385	0.286428465631991	-1.22739912206079	-0.463672660523839	0.783364957664706	-0.295930351079777	-0.580458281578652	0.0932522287872176	-1.28993803798867	-0.848858008772363	normal	PanCK-	Scan_04	Pt_04
DSP-1001250007864-D-G02.dcc	11.5780661860469	3.55912412678207	-6.05672557691886	-5.6458220266597	3.97727219966407	-1.23305250434466	0.310294992593995	-6.77556667817103	-2.69012095029997	3.83429344146121	-0.854750439958834	1.69307122436367	3.04162829752588	1.75039774295661	4.63556940264209	-0.660567921517387	4.00261105798788	-0.919228703817492	1.73701720154485	2.47062362571232	-1.9051726048656	0.972652363982224	1.78735352416416	0.918735302608216	0.618949770910881	1.07203967726581	-0.708248867294059	-0.737689490143602	0.0123468920760587	-0.651070652187836	-0.307759364046891	1.99661433661407	-0.791700602638706	1.71496392112423	0.0999987761700754	0.723235765649235	1.30331785106974	0.156637813984817	-0.0798965369266998	1.88144768283622	-1.23953128782448	1.08509078799157	0.971014444434492	-1.66103650628821	-1.4251844010849	0.428171214262554	-0.218621138602953	-1.3172681674285	0.393500413128349	1.06217040166999	normal	Geometric Segment	Scan_04	Pt_04
DSP-1001250007864-D-G03.dcc	17.6343401366997	5.40106165180272	-5.62335445852501	-4.52381876697585	4.19912936905677	1.18342797220538	1.07198978650875	-4.66443852632876	-1.74750791742204	4.78051657460086	-1.1913672594932	1.33591265947433	1.03479066573665	1.95233681556333	-1.85175230651449	0.451305016152316	-0.474039263126181	-0.668277630237161	1.83371222400315	0.494046217588302	0.177876641762317	-0.431565281626063	0.655575617852049	-0.854969189027562	-0.47955049175741	-1.36829112268516	1.20132549168904	0.348197874982511	-0.238384594197096	1.01811145793025	-0.552537303379386	0.34291474816896	-1.27270184748951	-0.201450120095447	0.121671421057025	0.358478575856944	0.0557701191783201	1.14758052772328	-0.458362105120648	0.252289689997446	-0.728350258916348	-0.033013592786871	-0.023611702954002	0.285307883847737	-1.01353005149175	0.165141190405066	-0.571172693281276	1.13565775256642	-0.215097490632323	-1.09167667890206	normal	Geometric Segment	Scan_04	Pt_04
DSP-1001250007864-D-G04.dcc	17.3895425315047	4.70513742245595	-3.60869315741595	-3.6859957814055	2.17421945910691	-0.504414692820516	1.56156448492514	-5.41479060274717	-1.94435916976434	6.18869645423185	2.37203894418368	1.59783795191366	0.233523742886614	0.742411524887583	-0.494924543552658	-2.28955072985372	0.00454437374915885	-2.86733991713019	2.68422777008289	-2.54823012334497	-0.0759312032455057	-0.820033673627804	-1.56749536128674	-0.42886084054135	-1.42082999952787	-0.694355352252861	1.13338423484301	0.344333882572217	-1.59846744299461	0.951930835109321	0.802401537083158	-0.628812866364644	-1.15546794474797	-0.808794679369836	0.539928114852527	-0.576314481862804	0.35415708240525	-0.341733012555407	-0.31184664924154	-1.06075419006949	-0.23687231528225	-0.222034296054604	-0.465312073018596	0.727267278865286	-0.417826053746988	-0.218214932091665	0.29908725010342	0.0604167715261472	0.756739106325073	-1.43212610660315	normal	Geometric Segment	Scan_04	Pt_04
DSP-1001250007864-D-G05.dcc	15.1886433402345	3.73248618573609	-5.16533978803318	-3.78593345111026	2.44054368380236	1.2334671483248	1.77913237394528	-3.35891623290116	-2.90931656206743	2.83537538500841	-0.876991689115887	2.67438989668269	0.39358027484571	1.96893059645752	-2.92760173701973	-0.370563997659517	0.403495831185814	-1.26028687100265	2.56056340744656	1.06384468060246	-0.539456653232008	-0.28742905263151	-1.2145476181589	-2.54008619451666	-1.09032259563766	1.49071537373878	0.21334915944102	0.0355547881870378	-0.256169484117529	1.51870119290828	0.28766342400946	1.04995259271896	-0.717353552198831	-0.291399115173853	0.0101497828198938	-1.91792665664557	-0.652562333146995	-0.0235286965195053	-1.3080114904099	-1.07437702653907	-0.654772304519016	-1.01351006413295	0.3658935667753	0.100607289641887	0.836798383498396	-0.955203178331014	1.00741565428683	0.500462766632865	0.495576884935041	0.40065684033025	normal	Geometric Segment	Scan_04	Pt_04
DSP-1001250007864-D-G06.dcc	15.6953710382846	5.67027608301263	-6.66078349967641	-4.93570837110571	4.17572086210817	-1.35199039527296	1.8555092532567	-5.52891315372464	-1.14425404049015	3.98014644881752	-1.61852097290998	2.73072608381187	2.38049216884242	0.422875129964857	-1.87649867724832	0.117689240394358	-0.221252773440189	-0.959166468363373	2.32303493393306	-1.42420780915975	-0.767625828660487	0.0047946028822083	-0.379504303963862	-0.491777457532624	-0.359701168943049	0.362161620404961	-0.821977710607063	1.1880216265026	0.463593917947109	-1.6959822635411	0.287128545411514	0.309756092694136	1.21024024673321	0.537702192775306	-1.97156443511411	-0.830749812464997	-0.84833082714378	-0.0623571791306227	-0.201755291144076	0.4333790771045	-0.321203453167231	0.753980337194114	-0.567102673698812	0.553620966588049	1.3778353245121	0.32099058358057	0.342731819599695	-0.412247499885565	-0.610206745506374	1.25128626362649	normal	Geometric Segment	Scan_04	Pt_04
DSP-1001250007864-D-G07.dcc	13.7381197304292	5.2669712283179	-4.92995047614764	-3.27516379965562	2.82917892474309	1.74802452801974	-0.180933363288916	-5.2087626728206	-2.26527805824572	5.08919633904175	-1.19731928506513	1.28093385296433	2.15601030231254	2.5877026151674	-0.552909595566647	1.7278458116892	1.87038049602697	-3.39663300694445	1.40425349110364	1.63322838855562	0.125059116004832	-1.10279906087902	-1.11659202575081	-2.34251744130727	-0.000340577642255355	0.306313380155579	0.315748364675298	0.718801665916811	0.141392602441638	0.180116029753956	0.513286429211247	0.207224793098663	-1.06884214934683	-0.555658946326799	1.39983175652612	-1.57266440103981	-0.526895100130778	0.660904356949292	-0.53368560652007	-0.327343684630044	-0.773938736931757	-1.09154975902888	0.253266325664662	0.714466476221897	-0.530470504860175	-1.05564009577061	0.393129337325686	0.394299609904487	0.312995512820196	-0.413515375200066	normal	Geometric Segment	Scan_04	Pt_04
DSP-1001250007864-D-G08.dcc	16.3307767807271	3.89473739906666	-5.29217127133295	-4.93644430642552	3.54889262973942	1.33464420116126	0.890708063638958	-3.61593509436455	-2.8228713816337	4.52064673488144	-1.45592033348597	3.11930657087823	0.46450204980826	2.39781677882579	-1.81114459851045	0.304666818718706	0.888290677907154	-0.685345091023356	2.55100067523048	0.315056227957867	-0.139454796133017	-0.774235298962972	0.0794452870665389	-0.816943969545544	-0.935668167256445	-1.06183019938241	0.390726343707615	-0.29507834024183	-0.241879863737228	0.616489972595986	-0.437244355408081	0.885794781144195	0.0938122507396714	-0.330400070864194	1.37270318152569	0.140604946370188	-0.386193070342268	0.111319910983838	0.406888067045217	-0.794102681290756	-0.770390149456513	-0.747152424741292	-0.045972065390793	-0.668956379055894	-0.627681617636936	-0.291013146253079	-0.636675361466891	0.121354663554387	0.614531980166991	-0.990921629974971	normal	Geometric Segment	Scan_04	Pt_04
DSP-1001250007864-D-G09.dcc	15.5853681161534	1.95503169723236	-5.16709517538129	-3.71459072099333	1.68969439205313	0.649466959911761	0.244245349667031	-4.7328098551811	-4.18887361216751	5.04058825722087	-2.15716353862392	1.32716261916518	-2.16302624924878	1.93815430062108	1.03314540844285	-1.6491259320255	1.53521347518898	-1.25667270374751	2.35269509789485	0.086628836520684	0.117202018930781	-1.4054267939103	0.128178399337516	1.25364779212147	-0.794321869796125	0.131193625609242	2.01353766259909	0.252178582295209	0.232401687898162	0.694120798967083	0.122331059135824	1.13866695971576	-0.641059307644533	0.942993961879661	0.0925623643938519	0.0957090773070682	-0.567971781812135	-0.534307201596986	-0.176650901798213	-0.474506823435715	-0.439540586608359	0.385385350153496	-0.784257643015783	0.989727458248548	-1.34682053563288	0.571560107581302	0.0505286419811512	-0.0526069193861407	0.412975838700837	-0.123556383107314	normal	Geometric Segment	Scan_04	Pt_04
DSP-1001250007864-D-G10.dcc	14.4098725993495	2.27707634560511	-5.03037258445658	-2.76733187799576	1.91626694942143	1.42571201890763	1.32858331983337	-5.21653327496134	-1.63243279616553	3.6844515410542	-2.09752875036573	2.25481393803139	0.184082357441275	1.05296368962113	-0.88269984906983	0.277230145511015	-0.0944096908984216	-1.26336846606093	1.45602421444437	-0.0899408820426875	0.368937774942581	-1.75955036597719	-0.358867234291404	-0.820759330715482	0.670794820272003	0.0264002209893058	0.820450295694944	-1.32873827782966	-0.334511515690762	0.277690271432932	-1.30821981182294	0.79476600071828	1.42251562562595	-2.37318788245141	-0.464870630133029	0.266689233108187	0.088621618943504	0.281876754582418	-0.393942828683508	0.344938482131442	-0.645862451467677	-0.634521618521521	-0.970328421749876	-0.90030138756037	-0.960168147230365	-0.64403856868498	-0.53674301477601	-0.423815259235443	-0.666579008436431	-1.3938600950668	normal	Geometric Segment	Scan_04	Pt_04
DSP-1001250007864-D-G11.dcc	13.5051211883752	6.69632277502451	-5.10762547462433	-5.66955989815095	2.67821831622238	-3.72680166471667	0.342747758038474	-4.28909112763289	-2.95924193926658	3.92865093952122	0.256683443651989	0.947532223742589	0.0947145169263206	1.05780281659233	0.696986252790866	-1.5241131378888	2.67288854890117	-0.274951580914333	2.35158666181462	-1.58453350482113	-0.0649817225894365	2.01964393207606	1.58814874094504	2.08405731397342	-1.89168867387832	-0.17685115297624	-0.251559638315527	1.64201645516257	-2.2877193451422	-1.42309727706835	0.766212734416733	1.52171565432955	-0.665754864843911	2.73163310429671	0.282184097213001	-0.520585852395966	0.566692469982673	-0.839334365012806	2.13120333638416	0.630083850072662	-0.058788814878842	2.21698283687241	1.90277924520395	0.23414146228072	0.390174841875237	1.3374952372262	-1.80005712280681	0.417568671890293	0.372549919521256	0.566212598118705	normal	Geometric Segment	Scan_04	Pt_04
DSP-1001250007864-D-G12.dcc	14.9516339502221	5.85802420921439	-5.17993557103755	-6.56904121124146	3.27043476018025	-1.47382609889078	2.91085757402789	-7.9839883259509	0.480014055240888	1.72328300383027	1.94923803417471	-1.03629483190779	3.43364549436672	1.19811621181636	0.904989586950385	2.90477182541996	1.51558206064792	-1.97798023106937	1.60308897026085	-2.70636421899332	2.4091240323842	-1.1605194577512	-1.66222368854864	1.19498514280391	-1.7426265031293	-3.25396810047198	-0.307159929867505	2.18091161505319	1.03221537716031	-0.868987157592444	-2.5131066989818	-0.76335316252359	3.38812990713976	2.49644378853593	-0.32128500824932	1.79187828854858	-2.41795729056272	0.937169691103949	-1.0493295155496	0.255208611294807	3.63460427467401	-0.77992248939546	1.93434713710872	-0.419716880899036	1.00649587369457	0.389553636058923	2.1067536502326	-0.730374898689604	-0.513973829098158	1.26271944738552	normal	Geometric Segment	Scan_04	Pt_04
DSP-1001250007864-D-H01.dcc	-19.5880408966696	-9.8832940971014	5.38585372249207	2.96782800264949	-1.9727137951061	5.20618916747651	-0.273784817244616	-1.61025052383184	-3.23895933686964	-0.634292206431035	-1.95883192808633	3.66145088569961	0.767311142304181	1.50594155081711	-1.91591672647488	-1.26079396227968	3.69488641197914	0.993788812366587	-0.732968334544528	-0.53650359072557	0.699385832016959	-0.338928848518774	0.125207088877104	-0.995551477372652	-0.810897403460064	1.84788261877889	-1.13014898075947	-1.19677505077607	-0.363610567673007	0.594521640951923	-0.404688326205925	0.423975901649836	-0.418894076183216	-0.453217472626915	0.425381962688809	0.225342720343068	0.563621347728839	-0.109628549805379	-0.0700340588030798	0.203987360190012	0.920174275354104	-0.502196235882775	0.303370863899109	0.0386931694551203	-0.265220010858689	0.681182201056077	-0.0495681205379006	0.362628916322542	-0.146075409374071	0.0331457859368179	DKD	PanCK+	Scan_01	Pt_01
DSP-1001250007864-D-H02.dcc	-12.4278686509952	-3.4179933484577	13.5747394155112	4.39883739544728	-1.96305575525612	1.76626413688594	-1.16449123941094	-0.833761227109277	-3.33922654334203	2.56975342478212	-0.275655622913564	-0.640608247263156	1.31730699006325	2.2967995538249	-2.3366522866963	-0.955403791063725	2.43938444361162	2.06345405240005	-1.22812003943258	-0.529711203709595	0.330635660439296	-0.0142220088541115	0.173381061710429	-1.35175138587185	-0.289788834457424	0.443429021934743	-0.00101447958097344	0.383096116326597	-0.557716196648356	-0.724395833800451	0.311988592793822	0.105375186793831	0.140524332202379	-0.320128607911466	-0.0371909898090619	0.102747875999465	0.0649717577678165	-0.288464371517603	-1.16458822500908	-0.143921051086794	-0.113998637139954	0.288020990219903	0.375071667626187	-0.655560933330009	-0.772621303584453	0.0135903553207424	0.431733138966186	-0.209930916501478	-0.128540241731819	1.0999685645379	DKD	PanCK-	Scan_01	Pt_01
DSP-1001250007864-D-H03.dcc	-19.9648373185861	-10.40536336935	4.09490065770903	1.38529646652242	-1.13404978442875	4.77525587784969	-1.06401688634186	-1.55392604960173	-1.29799589362461	-0.129967469735547	-0.932362139409119	0.797216662153622	-1.09941919114877	2.66357509534515	-0.64433387994627	2.0273259906229	2.05932750418739	2.03899044439162	-1.19928107965398	-1.82231559177769	1.08158324294273	-1.59267965172779	0.245290181995131	-0.171860085742452	-0.840304743950145	-0.127047651488781	0.141567416462892	-0.234560355043172	-0.227901759643697	1.04946595139016	-0.370465652786822	0.516632805991982	-0.240454799962719	0.380828944482987	1.13909069648907	-0.0331225818865169	0.0516320463551791	-0.254811181697624	-0.0314964073972952	0.740004017376151	1.15621075563976	0.181488554319002	-0.0440014096062719	0.981695168229277	-0.178063821555993	0.116605740205174	-0.20480335480292	-0.0712657231959093	-0.119920876851115	-0.669400608710682	DKD	PanCK+	Scan_01	Pt_01
DSP-1001250007864-D-H04.dcc	-13.1073530497668	-5.91371953019862	11.7049520574786	3.53363469903769	-2.13886697634455	1.77520444104614	1.92874430749419	-2.97431755892418	-1.19905729734184	1.66404275327945	-0.100573351850433	-0.769233217219673	-0.152063917087329	2.42512506967519	-1.31430927962066	-0.179839223904695	0.6491715905377	2.08427796680757	-1.09909028806017	-1.6918883869793	0.637014873327861	-0.433084177303097	0.700805438139814	-0.325311697579803	-0.278236957178669	1.52900276986256	0.350259620049542	-0.277740540408366	-0.451747790148805	-0.224695608677902	0.0662800655569058	0.200544667919555	0.298647389667077	-0.565565089831893	0.791725054309742	-0.368381756232091	-0.518450498611909	-0.349503857135909	-1.41634389394079	-0.132243309557884	-0.185688976665399	-0.261146939366609	-0.357474380015674	-0.311751578402169	0.023820367901279	-0.0777737940973434	0.169240677976552	-0.372649318427525	-0.61096334215166	0.739540936148753	DKD	PanCK-	Scan_01	Pt_01
DSP-1001250007864-D-H05.dcc	-19.9344511840907	-8.27106459443479	7.42586208519298	2.78838171602694	-3.20925657688836	5.26464273222892	-0.558808486081401	-4.02578099901913	-0.688873646718777	-0.995701201974336	-2.05100333875767	3.06937075268467	-1.00624994744298	1.65233693402207	0.290351640991841	1.35050706477056	2.64624483992057	1.77563123511195	-0.983196218505187	-2.23615493724912	0.961742503087556	-0.596102505447787	0.892803119644389	0.0948616855855446	-0.604832196102966	0.780194349642914	-0.416872958714636	0.390749880375958	0.0904202412459356	0.72816825169037	-0.316749963273347	-0.830207531649809	-0.00259111030295313	-0.369997717143961	-0.315897801894852	0.0131748133137405	1.12335403526961	0.663825468507835	-0.195557963461991	-0.675278212999998	-0.399048023372783	-0.328893364854592	-0.589182307464831	0.460162625996453	2.12435895147346	0.198837610063223	1.51945963158262	0.812100941215288	-0.249961485019424	-0.633223415272745	DKD	PanCK+	Scan_01	Pt_01
DSP-1001250007864-D-H06.dcc	-12.4381940316463	-1.94663363469749	13.8267264073937	4.63492246994189	-3.17293912143002	1.179340055767	-1.50480142832775	0.248878040373995	-2.76592642684448	0.910165149349376	0.000919439614785176	0.0385234296285327	0.73066056744246	2.28195629672783	-2.28377915446583	0.596596568933715	3.5412639185267	1.787181656168	-1.23241869226906	-1.17192698926445	0.794281574975016	-0.245009713268919	1.49912894584421	-0.327114471796332	0.119423348733187	-0.129568899452368	0.937133455432545	1.49470701690516	0.06997838610144	0.333252309248768	0.666578707108878	-0.364376564370778	0.225642028033622	-0.204098234565578	0.527793966626588	-0.434798326706627	0.248828505738082	-0.672377135186282	-0.837546213093789	-0.458428328319296	0.636206616917416	-0.340416877057266	-0.0961327061180495	-0.347176851609713	-0.140567466569254	0.165312417987819	0.0425512358093759	-0.620300145001305	0.375550748202052	1.1314793417132	DKD	PanCK-	Scan_01	Pt_01
DSP-1001250007864-D-H07.dcc	-18.8696230255815	-9.59736438589101	7.93922784717962	0.146673848624785	-2.60869755575998	4.53834072062502	-2.51469871848103	-5.12931552343958	-0.473134224298632	-0.717320031229181	-0.777132322131313	3.30769809059967	-0.796985819868435	1.9525104256631	0.177510941208755	0.00854559324958671	1.39911794722217	1.61247978380758	-1.53178447613414	-1.48600013349643	-0.248350646175891	0.154897649868609	-0.484321272612666	-0.353855110297987	-0.299038585778109	0.499443809319482	0.856157209313884	-0.232724741707385	0.196273992823291	-0.404029141937713	-0.784691245076865	1.08260884678183	-0.178071261522214	-0.494759495124059	-1.16906524705755	0.497038617525091	0.836552443937347	0.613770047555124	1.01528653294799	-0.681317474769364	-0.188563958183487	0.596396328484409	0.172269488161018	-0.111483196392142	0.74669917745809	-0.1868076170325	-0.054152039333668	0.381343945806196	-1.14534071880684	0.140899797402992	DKD	PanCK+	Scan_01	Pt_01
DSP-1001250007864-D-H08.dcc	-8.24776332487056	-6.39948870611968	15.7823623231579	0.606680303048005	-1.22696051986321	-0.746424965492355	-1.56225325429635	-1.18330307370753	-1.39758489408301	3.65620761022091	4.3144093310028	-0.410805258814916	1.65861743297196	2.06142696448154	-1.37263396234512	-1.28187807278777	-0.0504877595588648	2.20386996075587	-1.59774842697652	-1.02941805547236	-1.45259856407072	0.89643258454385	-0.754350593297656	-0.696124284108592	0.468041601044719	0.670340579369917	1.05311571552092	-0.612282622677923	-0.564810343752447	-0.286934909174899	0.414208106674916	0.76958582889808	0.283414223008304	-0.273027680405758	-0.205370033878232	0.03752418556546	-0.327535031673588	0.464496967482986	-0.621889113986159	-0.517628116700596	-0.679250014601205	-0.371779609370975	0.562562694381001	-0.619583278543249	-0.18353704559171	-0.422108880842304	0.239547225429063	0.362085307312783	-0.585476606559812	1.2987988390787	DKD	PanCK-	Scan_01	Pt_01
DSP-1001250007864-D-H09.dcc	-19.3052982419124	-8.70835189552677	9.60901456733672	0.619101827734532	-2.0768170158074	4.24711410431743	-2.26091066799235	-3.88975713911984	-0.411157615023728	1.5691550018463	1.58966915362271	3.18075291610165	-2.02328663208229	1.47052050293417	-0.146101378755941	0.343815028215315	1.42560297797166	1.95687744516521	-1.64766962104712	-2.30732561236861	1.32333173565183	0.0531240489187059	-1.19584645275693	0.235380730268657	-0.599810473992669	0.252661408061526	0.811168455604816	-2.06886096914426	0.591784944210712	-0.801978226216909	0.188864515143709	0.983195941448001	-0.584609117276489	1.05420320268235	-0.850521365887631	0.781650520009338	0.740467033020281	0.654985889364978	0.372116459695628	-0.626669976550133	-0.534903526281665	0.992286434192429	0.873848677310525	-0.0534195685763041	0.0313980684881484	-0.0953135645562411	-0.406998890147603	0.496166309919543	-0.453048141469613	-0.316797433854882	DKD	PanCK+	Scan_01	Pt_01
DSP-1001250007864-D-H10.dcc	-10.9348625836788	-4.60835554464801	16.7601859829326	0.493171823658741	-1.48887892821552	-0.0122302393262671	-2.68180110469745	-1.11567479023894	-0.940197559453446	4.80320242133273	4.55342885397871	0.739518729514456	0.760421671713446	1.96382130767143	-1.79953230850256	-0.700241186064663	-0.657271679189291	2.44392114510507	-1.83648239806401	-1.34819389720325	-0.629413950651944	1.23107542074045	-0.524225057626688	-0.361413609525025	0.712987895189275	0.699442965795313	1.4031166027576	-0.884060538722898	0.231932582547846	-0.551171003805466	-0.507346012847086	0.551666859261741	-0.0197665284603226	0.0301590920581004	-0.867017892408244	0.858906419947002	-0.511615547144707	0.778915440354312	-1.06466705448827	-0.503402372312702	-0.572413873945479	-0.303619139274666	-0.109718992020673	-0.901892347755455	-0.401968215336934	-0.335641939010072	0.267234950572946	0.0452539419270342	-0.630572336955141	1.54806753016645	DKD	PanCK-	Scan_01	Pt_01
DSP-1001250007864-D-H11.dcc	-21.5549857204256	-10.9702293606938	5.90344942377415	0.46111827665351	-2.54563879629989	5.78461422842156	-3.48039584487139	-4.04052948684954	0.113200037084775	-2.03308509370421	-1.98148743051555	3.78842207843144	-1.85109699281842	2.64259817864706	-0.362350721114951	2.94220450986115	2.77016040368617	2.10479853466103	-1.4869725327375	-2.22358400049617	0.754068980512801	0.239038793423916	0.405760448819776	1.07331206303049	-0.529526495240645	-0.68662304038893	-0.0298081314371406	-0.615273911039741	-0.119566688180961	0.00351709641600003	-0.026684303015011	-0.183876677792881	-0.205875802760223	1.88159289338483	-0.7479098730815	0.0573584721318123	-1.20460827972264	0.267620848907842	0.327060486904466	0.705385799861661	-0.704756123770382	-0.898782283553277	0.231542365007816	0.453873888899972	1.18437118619116	-0.214659493294289	-1.06772379644029	0.87160042773112	0.279248103782878	-1.27041723547123	DKD	PanCK+	Scan_01	Pt_01
DSP-1001250007864-D-H12.dcc	-17.4797254238548	-1.2724833630526	12.230545856607	4.16608820358885	-2.1003356340068	2.47143763225568	-0.133642468712971	-3.06859403923471	0.433996802772192	1.1546369907293	0.0827241658796558	1.39910384636365	-0.114867993873663	1.93439995924829	-0.925386807119707	2.29578659744141	1.87456364773002	2.48079966381038	-2.20411453390429	-1.90723518448405	1.1737494500978	-1.02352655255116	1.08218432994665	0.480802791926336	1.00751953321583	-0.373960479974604	-1.3195204440199	0.221869784098041	0.470102568240527	0.643459353426986	-0.0298656846363643	-1.74425283433379	-0.634196330028546	-0.149920436563792	0.41450507565209	-0.572480884050008	-0.923966676038552	-1.34028079968492	0.232732927425812	0.0589986531422762	-0.145981582136961	-1.14557330336393	0.942896520386146	-0.263419709965026	0.1677549914826	1.09200335190712	0.0577730745935411	-0.695404425516401	1.76995312697848	-0.0648176599358989	DKD	PanCK-	Scan_01	Pt_01
DSP-1001250007868-B-C02.dcc	-26.4725593866238	17.6537664559881	2.97380341058658	2.61585529923256	8.0300168542631	-7.39761517187545	-3.94690377837711	3.51658254062282	0.165198329314092	-0.239158129862226	-4.20088900866702	0.132721357268111	-0.797765796053238	1.44965665025726	2.36913099991939	1.34223490456298	-1.19778723150921	-0.716476362952092	-1.93304442967919	-2.09360524655206	-3.9954789286244	3.27396314096439	1.02434616660264	-0.136039894492913	0.0262660105626929	0.280074791045049	1.51761750248237	0.304998153364938	-1.10307314886968	-0.0562570963356207	-1.36273751353555	-0.418206816649609	-1.58720988538343	-0.087196660359175	-0.502903219672665	0.0192998868406311	-0.676191586865315	-0.266180415679445	0.941685655809341	-0.302081846125242	-0.721233485550716	0.440073922278979	0.909523933993926	0.0681641676916168	-1.87006280186083	0.837107333613594	0.0936116814361526	-0.0571153993504278	0.0376044763461117	-0.449000953352411	DKD	PanCK-	Scan_05	Pt_05
DSP-1001250007868-B-C03.dcc	-30.1823847292634	-4.72740668685122	-6.35209292515177	2.0206893599674	6.35277685707064	2.65520484689669	-5.07336153279779	3.61729020163628	-2.48750276021569	-2.5443065916491	2.1756011582746	0.332563524549659	-2.39617141223143	-0.514267156872512	-0.140317278814731	-0.477079540401864	1.06537299442791	-0.30803681458394	3.60017875741127	-2.38280708624258	0.100178538436786	-0.531855649887707	-4.68672403798766	-1.1369828115544	-1.03075042145919	-1.21030313480999	-0.756280513195032	-1.72165794332452	2.50682687449029	-1.44906443820271	2.51383808363644	0.439101414620623	0.679141087865506	1.50063060875036	3.23974038406194	0.138008426416581	0.677014036798343	-4.03461717475398	-2.27549066213989	2.73830576700178	-0.544319310294107	-1.50615285507601	-2.1140291586512	-3.81961458766437	1.30432462923845	-1.52492206295561	-0.867754526534666	0.421718981254717	-0.759999321736286	-0.658561482556141	DKD	PanCK+	Scan_05	Pt_05
DSP-1001250007868-B-C04.dcc	-25.8089361962392	18.2391651051193	5.90364824320671	7.32266594985293	6.00491810628961	-1.5857358977676	-5.12111829618224	5.07009447987291	-1.82685956740318	0.563727771581467	-4.75404580032561	1.05852255260771	0.724593562486848	0.962918143318633	0.484479933965004	1.07897452316734	-0.845395669698351	-2.47629885641284	0.130577136764245	-2.47018417269535	-0.272957816601536	1.24295201490496	-1.61015173603539	0.226575785041475	0.947841736425559	-0.184694181925827	3.17994585057683	-1.21555863018197	1.31781448248915	0.536147530473485	-1.30096017265818	-0.232806117990036	-0.313295976400351	0.19365561569976	-1.01949860634774	0.280524543642731	-1.02551140476244	0.08955550034508	-1.627810606705	0.63413476424778	0.702204936509664	-1.18243247011679	0.65056973688036	-1.30889678116196	1.05758366198213	0.390099480799287	-0.364494703897295	-0.684649166103575	-0.0162727410758468	0.471787791964324	DKD	PanCK-	Scan_05	Pt_05
DSP-1001250007868-B-C06.dcc	-26.7825913431285	19.4116105421914	3.92728104600996	7.66429082823567	6.93368950469611	-2.04489340148245	-1.67179466694783	3.37470001844733	0.307158122387563	0.649403373056085	-3.91976157244868	1.71672026373631	-0.953398130465963	0.20714296789933	2.70774830595774	1.91007555387584	-1.76194659869625	-1.834813297505	-0.984680441408332	-2.74505475276185	-0.0942301815526056	0.423125482461727	-1.56958417473392	0.240009646235033	-0.0433011963247819	-0.525779319645546	-0.377553508356548	-0.82332768007116	-0.378941976758207	0.697031188683735	0.44863390265846	-1.24213840854762	0.0523080656913554	-1.04641846861232	0.557247010887426	0.720990582705334	-0.267572790445403	-0.092984930029573	0.238564482889371	0.195489690610342	0.426767815313663	-0.981047413127068	0.873508863517667	-0.766911352307196	-1.64746683887918	-0.141690025655048	0.961102964248329	0.0849975307985603	1.33130081217116	-1.01924265160133	DKD	PanCK-	Scan_05	Pt_05
DSP-1001250007868-B-C08.dcc	-27.2717410500071	17.9991352919081	3.13845161507796	4.58841773042153	7.9626712632743	-6.4856150442266	-4.76906891021462	3.74009223553912	-1.58273430697437	-0.579805565219966	-4.11066916718353	2.09252806500423	-2.65722095984293	-0.712699888588094	1.66512291144572	-1.4845221698056	0.301645086335259	-1.61530280856279	-1.26454107669593	-1.62810015040197	-1.29829553894211	-0.333251491547968	2.28029123710019	-0.347621302225966	-1.08949161867993	0.921055228329779	0.450941996666265	-0.365502727071906	-0.404878180449911	-0.913563017943831	-1.07462884420803	0.198320317990839	0.045512119706336	0.64599002599983	-1.12056054841569	-0.743306195701512	1.07353949218761	1.70566861158478	1.02278043125498	-2.3024240921615	0.141213693810802	0.11964460514148	-0.471889020117284	-0.267750620269196	1.47130417740544	-0.365690088949227	0.635035954044119	0.450605750975284	0.191628523626328	0.677592487554603	DKD	PanCK-	Scan_05	Pt_05
DSP-1001250007868-B-C09.dcc	-34.2159069125466	-7.64350037154268	-11.2823998933757	-1.25140709536785	10.673423059025	-1.83586603944028	-6.23215106685944	1.62639451021577	-0.0938180286655236	-3.62639122217696	2.35593832703341	-0.411970367484195	-3.372278881778	1.3850087573209	1.50694981357139	2.85603487054502	2.62413997371984	1.37843869003775	2.13592507368653	-2.72192455212775	-5.49530370915544	-4.18373168018812	1.33754863539687	-3.77181717536836	2.45492043369925	-0.927766723271903	-1.84196488344777	-0.0461825324062742	1.69825415124364	-1.1848550638461	2.04559065658478	-1.09753259553213	1.38897131356834	-0.438093647163203	0.664187697209276	-0.838256834138911	-1.61326436332393	-1.39298600234993	-2.28241868393394	-2.28297354410699	-2.74738069822749	3.30182604163147	-0.125001322343168	2.88893745104142	-2.31177206062974	0.0142667098965282	0.169129252445847	-0.0573682430412277	-2.10179853162755	-0.0489017812532064	DKD	PanCK+	Scan_05	Pt_05
DSP-1001250007868-B-C10.dcc	-27.1281873033344	19.1800369184712	4.74732522713807	4.74134422751896	9.52600127484083	-6.27088606167299	-3.38343622109782	4.88292763041798	0.588619886795573	0.262504699466805	-2.50496224002156	1.33390587884269	-1.04912198843774	0.560545522025608	1.41919163779125	1.25197545442445	0.0632907543784714	-0.317278838875739	-1.86216501101073	-3.13521547912856	-0.358401381735944	0.0569268968474346	1.62290728298601	0.055575849425501	-1.32678546982525	-0.487777877998914	-0.487420689249008	-0.895887446272141	0.189200144575353	-0.33616167434706	-0.173766711437899	0.134075523573169	-0.288799905604441	-0.381686049839383	-0.0609776077393529	-0.222606650446069	-0.886885323520073	-0.591944433187989	1.66592301675573	0.10058745459899	0.96694282775263	0.29148786367541	0.6267365441773	-1.00146113597333	0.264991571876579	-1.10853605618626	0.12645526447194	-0.379593955343558	0.544282548420833	-0.795629618571391	DKD	PanCK-	Scan_05	Pt_05
DSP-1001250007868-B-C12.dcc	-25.3758575047318	16.4218393051994	5.97272630214496	5.03353751911755	6.0029509440108	-4.30962086143444	-5.15225541494998	5.40070534383384	-1.83560232574689	-1.77869680947692	1.61290881001018	4.87361733704758	-1.49535751129615	2.25855625897461	0.139125177088429	-3.25799429365634	-0.721778424285522	-2.45064794068756	0.789244188852757	-1.52384715731298	-0.531914727131658	-1.20686730659113	-2.09126497640817	2.32175472794129	-0.235651853653549	0.500850667869387	1.0234398439107	-0.533077484443185	-1.24131997918718	0.403367541070184	-1.6827990075747	0.923358387984724	1.79103763181224	1.70933594135564	0.0924762243842655	-0.870087036197163	0.65841330324382	0.80211630343988	-0.928416636791149	2.05181164593932	0.677776550869856	-0.956626340309005	-1.54378421559771	2.32466516202405	-0.865229133485103	-0.12445641187012	-0.597623742067479	1.622247602125	2.08909094722962	1.52498278858996	DKD	PanCK-	Scan_05	Pt_05
DSP-1001250007868-B-D02.dcc	14.1588587975324	10.5549009297853	-2.63719177530811	-5.82712805790519	7.54154494497534	1.11295757077028	0.198283081331148	-0.272712823160893	-5.75063311195501	-3.67078947593168	0.25559088659918	4.11349218917391	-1.90191628337753	2.18360979209783	-1.74215487341699	0.48587270226884	-3.74287835654103	3.50815505898014	0.825462252069885	3.26140171083026	2.38145135811973	0.652751927236764	-1.58519816227234	0.648745921772306	0.87479867942304	-0.250117922946731	1.42987796583076	1.29521602444413	1.05221727514145	1.14520358647253	-1.18336790641199	-1.45713970222521	-0.334244768521334	-2.97491706656567	-1.43903428704846	-1.81849904030005	-0.52606597460268	-1.83065673478266	-1.26066409108826	1.05096806244761	1.27795314474446	-1.85728255729561	1.65454299937325	1.36043846966932	1.01630480144347	2.04877540481178	-1.26422033561839	1.21452575590521	-3.29446812659329	-0.744446909632898	DKD	Geometric Segment	Scan_05	Pt_05
DSP-1001250007868-B-D03.dcc	14.1533698209006	10.1075888319432	-2.17584200738778	-4.04704267277243	6.92686618057509	2.1284380305947	-2.56868985499077	-1.94512873988152	-5.23098720532197	-1.38284570452587	-0.68306548668012	2.81690118854714	-2.25957607071861	0.402525891294958	0.230471939718381	1.29637000394665	-2.2373447899144	2.90560915353856	-0.715269231461003	3.15381484221164	1.93770796220288	2.14340286407563	0.882579326709208	-0.79861696518282	0.25408163710025	1.69222954275992	1.46761437984406	2.0768513474625	2.08906835313277	3.08613988128287	3.2064242314934	-2.53881640766904	0.172707608660871	1.07807493090783	1.04032923648906	6.46819606317776	1.13573015952982	2.57299439287199	-1.20441808679188	-0.280599465248594	-0.148582603567228	1.99935499629853	-0.35889289856218	-2.14627727023025	-0.532459779645504	-1.06425191964414	-1.38551603208002	-0.236612454191154	1.74298583222923	-0.0910814192517728	DKD	Geometric Segment	Scan_05	Pt_05
DSP-1001250007868-B-D04.dcc	11.224593948078	9.35468759138942	-1.59938458426679	-3.99132625893225	8.28315760545487	1.58932608409636	3.91559660959098	-1.51125756232931	-2.29697113653442	-4.91433887517754	0.484659852514359	3.62267260146015	5.4080792538648	1.97753339966764	4.16135893623576	-0.0266107936790437	0.300255582088185	2.60570786595323	-0.539659672492457	0.457192571619021	2.96147065960094	-0.972350138125923	-1.20212789737497	-3.09374104310114	1.874095995294	0.393352193008088	-0.976827542480286	-2.01606460431205	-2.99122823736318	-1.91717333352088	2.54481870074531	-3.00421825045174	0.415004817178332	-2.59308818097067	-2.61594177822711	-0.863083067536048	1.98644189771598	-1.33898187056358	0.238215403095682	0.472381005752617	2.1141607574548	2.17048028362008	1.51221425356772	0.777849863985143	-0.939441192463643	0.424251194119654	0.835049326758242	0.0781357905858192	0.366912137538506	0.129695955664457	DKD	Geometric Segment	Scan_05	Pt_05
DSP-1001250007868-B-D07.dcc	7.60622444466901	5.32772467633254	1.92798721868807	-3.2387508404071	5.48966456915159	1.09253082940501	1.88063005043375	-0.275457905059365	-4.28035361748082	-2.77202686522001	0.439044226286789	-1.36749483764388	2.85920301167205	1.90219918767052	0.118154243123002	-0.990045536489369	-3.8600796523801	2.5574953381903	1.42680281967197	0.540021130300467	0.904982773056694	0.513723260869899	-0.25190163736996	0.465742895566604	-0.576828818140262	-2.32399677880297	-0.578239533920329	-2.05241080766654	1.85694061748652	-2.27502455688215	0.50753445652192	-1.1741966306602	1.54091015300212	0.949390534756138	0.284858816151133	-0.973594050876279	-1.07421703690091	-0.75421831899944	0.236122610649767	-2.26788731628674	-0.518802212809913	0.54839114178573	-0.414967107211816	1.69023912726597	2.20694252171886	2.7338580308989	-0.116691927428459	3.03808941774071	1.17478049331131	0.177145931532573	DKD	Geometric Segment	Scan_05	Pt_05
DSP-1001250007868-B-D08.dcc	10.2851259304683	6.90078015574006	3.65616892491796	-6.40803281309691	6.80675603218516	-4.68321324147965	1.29153824785614	-0.205915763666291	-3.67881979353147	-1.44331610550771	6.18330496476813	1.84071179829139	-4.91696565046125	-1.42976049676362	-0.421896267327127	-5.41306218776215	-2.32402908873204	2.88697214355927	1.29338207006719	-1.13605881569268	0.0260340634469628	-0.799960683313756	2.20624100680853	0.8323449518177	0.647990909789621	1.14666461025849	-4.16689157863173	0.111792807271465	-1.55788760335208	-0.549011111316261	-0.897813615983943	1.23597859765926	0.745285789492542	0.959612696127113	2.04234777920958	1.16946788765833	-0.414151028086286	1.68343181041881	-0.0148797642826589	1.8933498820875	0.334791156324759	0.199246863306464	3.30702709610063	-0.0675604732295624	2.19327832139024	-1.25378129593777	1.76442998052359	0.682618960093387	-2.69462569139513	-1.08080475479623	DKD	Geometric Segment	Scan_05	Pt_05
DSP-1001250007868-B-D09.dcc	12.7928759968791	4.25122694707604	0.325201267980944	-7.62170242268932	4.68241694721334	-1.2860338793952	2.52082394424707	0.745499043958236	-5.29364469101729	-5.20158934376647	0.462641339991335	1.33735541636397	-2.69286110996327	0.537271636126254	-0.0531698179881217	-2.92523724388501	-1.03036604206879	5.25973832380464	0.22499636560146	1.38910174395728	1.64710871985158	0.396357375773165	1.74499709939545	-0.542588255123084	-1.222133646702	0.32103164828216	1.65894872988193	0.863323851726456	1.30032471004793	-1.83030010752416	-0.661819687612606	0.541921863010498	-1.96615671530328	1.12857765488314	-1.58805031393424	-2.73305262586745	1.05386828879345	1.72805921466757	-0.37195917412514	1.71480577668273	-0.943349586491367	-1.20382548492608	-1.43602219638497	-1.7226257572172	-2.98232088376033	2.0102347797336	0.520268240638961	1.03072377695045	-0.725032152200382	-0.762232300515807	DKD	Geometric Segment	Scan_05	Pt_05
DSP-1001250007868-B-D10.dcc	10.3531088597516	8.80136671654045	1.10542175975673	-4.92075999267002	8.63301440359242	-0.414100412280544	2.26278809759863	-0.29264157742889	-3.43626883056376	-5.65009607744019	3.79500223590678	1.40820023317691	1.17913900494017	1.86442110419354	2.86183477561894	1.15726737187717	-0.84570533396585	0.604304636943933	-2.02419131192787	-0.205282684958258	3.53921502479474	-0.568013267411487	0.746151346666907	-1.82198336191627	-0.983628378396009	-1.78898710900539	-1.87647949294939	-0.49768482694748	-0.224956837414127	2.42561309419371	-1.59003668091229	3.06967177932861	-0.610115935141177	0.32076451317903	2.08495196706933	0.484309306653147	2.5167209708959	-0.841490967079823	0.85418527888984	-3.37657651791483	-1.42127485515486	-0.486448934656837	-3.04696153100283	-1.05961821274132	1.18922190246697	0.446846244241524	0.327330251762138	-1.68882864131845	0.433982884315147	1.91009568910292	DKD	Geometric Segment	Scan_05	Pt_05
DSP-1001250007868-B-D11.dcc	5.22391649956574	7.70870069357864	3.16388942494552	-3.59774221343835	5.26853301892361	-1.83343664382452	3.56489330632697	-0.294994090842709	-4.72891198482883	-7.12581222663052	2.79010520254187	0.0119958227058821	1.39859838720129	3.19690992788194	1.68161611990281	0.370604334784978	-0.686448829308428	4.09197379235083	0.077541275616238	0.920884273271576	-0.560377813974792	0.595166120281492	-1.39784592156656	0.874410593677561	0.0064943188253949	0.283594275519068	0.703464478955296	1.23743463951705	-0.212398444505172	0.223519685491986	-0.116919648368617	1.15067349595871	-0.530090286594865	-0.88224208226119	1.03865784710247	0.46027434171917	-2.03057760551606	-0.788350027441996	0.0717512354949086	-0.273087779739898	1.83783148959712	-0.699059576220801	-0.0540506777838364	0.277506113831763	-0.611793951197627	-3.78190565809232	-0.424284089055104	-5.22311445392859	0.404648739021533	0.272916331983388	DKD	Geometric Segment	Scan_05	Pt_05
DSP-1001250007868-B-D12.dcc	6.15000493807202	6.98583671429708	0.44643030080315	-5.95252478532874	7.25320535421819	-2.10871686294731	5.37509907709286	-2.2452545649159	-2.51447162286166	-8.83787386335757	3.87622344619121	-2.23467288977524	3.35152584372425	2.59552438899222	1.02192207014283	-0.0517959780009105	0.19501644175547	0.850428142888004	0.0596628067706002	-0.146196681639945	-0.0978236654657621	-0.268711991128946	0.603890266761221	2.58485069202776	-0.165384071252629	0.355581141083822	1.10266927801061	0.537408585666443	-0.882841241649071	0.651987884190546	-0.339333838398504	-0.718125092375682	-0.482167249040435	-0.325964223055732	1.12041498292805	0.523209716657999	-2.10974551666292	1.74988721230537	0.367732626954566	-0.0160934714314068	-2.87903765647299	0.136362239591066	-0.884523022831908	-0.0584197784864742	0.627878461590169	0.246679494076834	0.509829797488099	1.1455387700525	1.09580381288675	-0.5072030647671	DKD	Geometric Segment	Scan_05	Pt_05
DSP-1002510007866-C-D10.dcc	-23.4176946478508	-6.2232847021693	-5.87076225239715	-0.746236156893464	-1.04666862692851	6.80860085821247	0.568875086990603	3.14811244277656	-1.66547827926225	0.894519332400199	-2.04055230917296	-3.59570689311306	1.36310502251635	1.33917097894106	1.08413224509454	-3.76282472911924	-1.11910629820984	1.46533778442622	0.231124765548703	-0.392694535929632	0.265992844982681	-0.117865179916704	-2.13424854318831	-0.456423487411206	0.660637198518273	-0.952961681109256	-1.36567566030884	1.25304850841848	0.476975523947238	1.13915392092269	-0.502687755903475	1.2728910137488	-0.760347928145128	0.284295906009664	-0.430266147940384	0.358987763022392	-0.417828524962686	0.399869352920854	-0.144968137162292	-0.748013274826724	0.833636441580276	0.338154567013111	-0.486415962923525	0.0965584866952591	-0.302399503998919	0.510462453224262	-0.954411159253732	0.322889855192283	1.72706434340568	0.401784679212213	normal	PanCK+	Scan_06	Pt_06
DSP-1002510007866-C-D11.dcc	-25.5042769962604	15.9901740925081	3.07157058857918	2.27517213177638	-3.69483056597976	5.63134954032444	2.35868582276593	4.24679179812607	3.89899437267089	1.9307862149955	-1.40141966703624	-2.53009496776358	-0.760372757685432	1.00287691892805	1.07526945864584	-1.5727812022951	-0.048905548190886	-0.0275595679437678	1.64840031505743	1.18336083729446	1.19286660391946	-2.52716260994332	-0.585293019164738	0.481033514833727	-1.13292844390646	1.24148682219312	-0.126684669243968	0.545764243256061	-1.4606031868676	0.921336534201263	1.43738503293976	-0.408395518474835	0.219852158309124	0.201341328384324	-0.048748727664147	0.591598328005564	-0.318451943109675	0.0754816611766423	0.104970817732903	0.23782718048237	-0.455266755218681	-0.331154254739635	-0.0363437762388915	0.361920877527861	0.103722157072886	0.20498130260472	0.389717658280733	-0.266701344888618	-0.749471244821326	0.0933364613837253	normal	PanCK-	Scan_06	Pt_06
DSP-1002510007866-C-D12.dcc	-11.6729432600027	-7.56121051673314	5.05240042049341	3.4774163649765	-3.1153841843366	2.53716056935005	0.499443524409196	-0.596022369334764	-10.7400259901966	0.360175718083412	-10.953118850586	-10.38164721328	4.96778092422957	2.9279829138274	1.85941559795677	-7.49390287328013	-5.10041758249353	2.60768618501088	-0.533798204846971	-0.236319123993306	-3.30678123428478	-4.94889569034292	-1.72642107814816	0.841145885025473	0.312821734484445	-1.29521152900334	-2.10067021529367	0.487690312799145	0.865713482543635	0.373150528285538	-0.898546098622729	0.921547180012012	-0.977196200879754	2.45931937971432	-1.04128381979665	1.01494461983818	1.28421288746205	0.381391468708956	-0.87528073349916	-1.47729396322386	1.03583170611899	-1.10378929251903	1.0964927734804	0.865905218649851	-0.17172012528587	-1.34050995233999	-1.26120209087839	0.358995725658823	0.0413962779930675	-1.13773318630498	normal	PanCK+	Scan_06	Pt_06
DSP-1002510007866-C-E01.dcc	-26.0804330136687	18.8836068515886	3.0963910076302	1.88334520036155	-2.52734297436931	6.32404021494733	1.67334392881159	3.74638015009458	5.26598666124852	1.91254748925418	-0.0610986948528563	-1.62179615055547	0.633277873129543	2.1508023578185	0.405285846611899	0.0392081493138462	0.0816673479118734	0.00593624254953908	2.58151120172325	1.27338715421157	1.42746537781944	-3.12395976085695	-0.232194381661445	0.925994683715305	-0.708301578457117	0.856458934244694	1.49351150293836	-0.875856008892003	-0.786191269415894	0.967395842622342	1.10403857122086	-1.66758925900358	-0.250078313771798	0.80957413416909	-0.815644641697035	0.797029053168773	0.776343379264205	0.379513252962018	0.0745024676954994	-0.107111057674993	-0.9641446698719	-0.0114398873524918	-0.729199794793353	0.609399217972512	0.692349023317629	-0.0101704111772037	0.84310361077207	-0.14296702711295	-0.341569649071688	0.0022331817959222	normal	PanCK-	Scan_06	Pt_06
DSP-1002510007866-C-E02.dcc	-31.2776714976442	-6.11654575506074	-9.77523759334094	-3.08654108682916	-1.10401807005536	9.73999301444508	0.475360506477686	5.02273726071498	2.26306206857956	2.05312570908802	2.34522220161112	-1.524959801887	0.311000092306165	2.76493346207134	2.14755198626285	-1.08628809995947	-0.590466813322051	0.142940983752095	1.10478482051854	-1.58371790140392	1.19868810113584	3.74810901806043	-0.358199388805988	-0.511292401641246	0.998101667941367	-1.30348715215947	-0.525370433175429	1.82583132480417	0.49870090605038	0.774783891833821	-0.767703682377002	-1.09401941208977	-0.320906415181078	-0.320484381195196	0.219832559844671	-1.02184525844481	-0.246937418099456	0.914608607867179	0.59370385662651	0.792323751733321	0.844436166476859	0.0732896050617317	0.679120729718579	-0.0379034868859859	-0.814170365514996	0.474855901416434	0.401723731250843	-0.0337375361374339	0.723172955309248	-0.152542483529938	normal	PanCK+	Scan_06	Pt_06
DSP-1002510007866-C-E03.dcc	-27.198026969692	11.1957126126386	-0.782925501093204	-1.5243409759816	-2.42800041008557	7.31862605329749	7.46066910593253	-1.25978760962006	8.93120579487317	-0.811669699125891	1.28204924366586	-1.83753906159619	-2.12835724507961	0.946806638503441	2.75988218522784	0.105936581779475	-1.8835590383605	1.18796633669927	2.39656993754886	0.0943576756062317	0.843016148382071	-0.202759892811117	-0.110555981879856	0.826658721897903	-2.107284794152	1.65261606385289	0.422656152020663	-0.859643200334875	0.309269782821996	0.43480941753186	-0.129671227040215	1.63805475847321	0.393315171164699	-0.833033675490531	0.300523857418627	0.300753420224987	-1.00796306633006	-0.780439613983388	0.0879121750377403	0.0893289396500399	-0.427783464501704	-0.437394352346068	0.224310886797979	0.206053319521455	-0.453952858729031	-0.372939199969278	-0.375292575938416	0.156853215555161	0.359699166157158	0.392226967835119	normal	PanCK-	Scan_06	Pt_06
DSP-1002510007866-C-E04.dcc	-32.1382151277963	-7.34662602979733	-11.0896680714959	-2.93431525100673	-0.665058116067218	9.15273908448027	-1.6190824900618	6.51374736227986	-0.480636849277418	2.08763005706084	1.34455215923547	2.36278457734344	2.04418856867328	2.00756258259729	1.35417941299031	-2.12479423391995	0.836406317134415	0.150185129956159	1.00249971850499	0.265606878156804	0.780467472796037	4.87773557505222	3.15098977316473	-1.45049235663868	1.50037960789484	-1.99497002826598	-0.265891542800507	3.46007588567515	0.791105147051511	-0.520244983130831	-1.36374809303355	0.0101726311107048	1.22048650340146	-0.000493010621271567	-1.15398611183348	0.40050640716902	0.664218976513987	-1.98921085414265	1.91388976657205	-1.82386771737602	0.959617000745348	1.41669127070814	-0.760674200232879	-0.639774511819023	-1.65753337733606	-0.752812655113237	0.938291326582336	-0.0822713716142189	0.723501889980828	-1.88740239862635	normal	PanCK+	Scan_06	Pt_06
DSP-1002510007866-C-E05.dcc	-24.1190202305758	18.8107265622607	4.52427971426238	-0.140036682735569	-1.00283879272031	5.04197126173744	-0.30878792358464	6.17469571468139	4.00039182946933	0.500980764337036	-0.851548142388105	-0.980686797868285	0.777315034558889	1.24773170883576	-0.714735072644287	-0.975215902777032	2.30145837107617	-0.386120237836505	1.59032334890342	2.45060852748797	1.08616238316751	-1.54846595786276	1.2632557721139	-0.627483686172715	-1.42838862418659	0.894356123026311	0.330698528915606	-0.591035057153264	0.0455111522667046	-0.78738806613891	0.254269131542945	0.0542515030657275	-0.0502576280203555	0.574351448830144	-0.766528081009236	0.454793176842351	0.430478749982165	0.0395105348155194	1.13361820114503	-1.10792196548417	-0.599807514057834	-0.611226048253501	0.3334033470274	-0.885640423109304	0.203380652319012	-0.152420199265102	-0.0465109859856552	-0.269884639540871	-1.61883704439059	0.617133132721813	normal	PanCK-	Scan_06	Pt_06
DSP-1002510007866-C-E06.dcc	-31.6464146304104	-4.39110506981946	-11.4994194566357	-3.02357454916434	0.767036178447058	8.43667751391063	-1.04683875365275	5.19870286730849	2.05594122701297	0.556470844415122	2.21364101397828	-0.489376429126934	-0.0998389685979851	0.415555094313795	2.06413033780488	-2.26898430440223	2.32570041547066	0.418727259403008	2.22732528115402	0.0844788770237388	-0.872615715735909	2.07125165771	0.0765624828576327	-0.613760622076108	1.49836754932185	-1.32332166274565	-0.281445498283021	2.48790024617257	1.0611881332264	0.0360976833784908	-1.74176237374754	-0.0577293972429374	0.985011883869883	-1.14020124901816	-1.36459605643258	-0.157100354796678	-1.98874260508271	1.96663273843238	-0.704602630583498	0.580194675106059	-0.758297441472302	0.170029566688818	-0.0100498634767491	-1.20852271114893	2.3694903446103	-0.297558152930469	0.792794051610861	1.2554013383879	0.942803998614621	-0.416243933451701	normal	PanCK+	Scan_06	Pt_06
DSP-1002510007866-C-E07.dcc	-27.3961566036293	18.7416200694352	2.06811460909769	0.418027288926378	-1.51016950606363	6.4783325878472	2.37043284656707	3.88004477400664	5.59691611430478	0.671714093422506	-0.548283544994369	-0.635511263211573	-0.878465677778306	0.0697214564888163	0.353872400785096	-0.609103288228907	1.42401670736638	0.334760905458429	2.00573326470912	1.78304676183521	0.112572377501879	-1.9022176955932	0.983495147903965	-0.0119442095301763	-1.45450061565208	1.35782743671038	0.0733978368623894	-0.89091811823055	-0.751030494923517	-1.13941280391538	0.812927527604404	0.410274374944678	-0.377857882812254	-0.274261411057273	-0.405974351759571	0.0664054522294082	0.157889975699155	0.729522064678361	0.569765356525433	-0.23995167821086	-0.333407758747039	-0.571765146191285	-0.413620509134922	-0.474890124749136	0.767144649824456	0.404387678530553	0.63883730316441	-0.0771135356509909	-1.36358751345498	0.874154324633761	normal	PanCK-	Scan_06	Pt_06
DSP-1002510007866-C-E08.dcc	-32.931584682058	-5.63946221669139	-11.0739000051867	-4.40536407587822	0.503608438417156	9.65110632617506	-1.07384505074744	3.36798818227125	3.36291234467935	1.0717258090401	0.575098453278849	-1.35014789307211	0.198167974205802	0.93251846449509	2.46950696293933	-2.20725957311402	0.203005303709014	0.824168967322705	1.90872204366817	-0.708551940316017	0.733466296795002	3.40379956138683	-0.000674819993400154	0.147790207753521	1.23562018595188	-1.74018727031374	0.686810585518918	1.17752093940097	0.0684308352200351	0.476594510861968	-0.747807121994748	-0.345743385945744	-1.43038020413032	-0.735604936643701	1.26636444427125	-0.304383947841012	0.0393092024355818	-0.946466026307394	0.0236756620319097	-0.0190954671473586	-0.169410649656759	-0.916345895980062	1.35583159839897	0.91695399195029	0.422364857201531	-0.0975843991720793	-1.28015952209558	0.541631097120549	-1.17644746265715	0.715167967384881	normal	PanCK+	Scan_06	Pt_06
DSP-1002510007866-C-E09.dcc	-27.3281263127125	14.5632953733481	0.411143835711515	-0.0039208865904732	-1.90601017866211	6.27358094522925	3.83282710200247	-0.155845343991756	7.91739543906977	0.0785101957739657	0.278109697179543	-2.51753719401631	-1.76260342891175	0.650345621928709	2.71174660534862	-0.366353792163907	0.192234728720216	1.14375083539248	2.33159264798948	1.02595626795099	0.120070335053575	0.547529603777481	0.728800148036458	0.593258286238969	-1.88854933812377	1.28568170329295	1.11200014422325	-0.851037116321994	0.420647283024888	-0.758308601696754	-0.543786169581451	0.690441556532821	-0.612138729962168	-0.633379851407771	0.755221236694012	1.08587290111498	0.101113301037387	-0.647720504689541	0.00478086941448667	0.0158429240239176	0.00478792443876148	-0.477490532472308	0.685773114672818	0.392233474989702	-0.415403014045664	-0.155463349385879	-0.662969155831087	0.172392841089378	-0.467828854710922	0.445845409099616	normal	PanCK-	Scan_06	Pt_06
DSP-1002510007866-C-E10.dcc	10.8677858035877	13.7289231702764	-6.15804871597382	-10.1951724356109	-1.34329908546703	6.74462894312646	0.0288331750626075	1.11195253512594	-0.0477230452087502	-0.266954340757144	-0.910556079088077	0.110677016898195	-2.38652429772694	-3.24225788599615	-2.67565215047719	1.04036911828991	-0.0596867544029942	-0.241680827071125	-2.9258225914203	-1.18679401912183	-0.424620497909888	-0.984809964902589	0.104598339719187	0.157876386496505	-0.233565413926137	-0.692676048369999	-0.77714295460446	0.454708399227647	-0.369531033919918	-0.579352550002503	-0.187119460626641	0.104494345311878	-0.699166028846317	0.901017462212385	0.198353390152188	-0.276875082434677	-0.196650986560667	0.647136252852624	-0.656735451124316	0.0251665910059937	-0.21461052238149	-0.104869287819752	0.43457081546967	-0.608145970653657	-1.08668647077223	0.187587816592797	-0.410933739813415	-0.323274978334587	0.393005839882819	0.245109521048371	normal	Geometric Segment	Scan_06	Pt_06
DSP-1002510007866-C-E11.dcc	9.243575709809	12.3856361351802	-6.02943769230093	-10.7294935865392	0.440828049601574	7.42048657104421	1.20089377195465	-0.103819880605169	0.809274679350369	-0.511719813274641	-1.09740017014653	-0.676540060231511	2.38236593112742	-1.9062470780358	-1.79769375829764	1.67612399420447	-0.244223576734057	-1.27786589510235	-3.40112410334313	-1.56204318902708	0.0547081807947609	0.0803753341727505	0.159535980539556	-0.747612750147007	-0.311699381913459	-0.727757313037957	-0.657079899743129	-0.191669969354639	-0.625054381494708	-0.847658463543574	-0.0676504659447826	1.76954011670994	-0.317228411036552	0.154741498415447	-0.218699172661268	-0.381965718943312	-0.668322560240186	-1.00859538233583	0.755786992871032	-0.0504577211344559	-0.816817096824755	-0.215811234044375	1.05784433496125	-0.567970306677331	0.61394405009429	-0.9031813729907	0.969721745161243	0.293329050198504	0.10342822202598	0.164111576265949	normal	Geometric Segment	Scan_06	Pt_06
DSP-1002510007866-C-E12.dcc	11.5924056238399	10.0770566699345	-5.45881635764919	-8.65707093912287	0.200411131562877	7.12051320869912	0.908639965810664	-0.762376807609479	-0.728533746948395	1.84945409114281	-1.21152308021689	-0.956018480195249	1.95173597707772	-1.72201763929587	-2.42312671062855	-0.221815727555646	-0.761575697499568	-0.770379134764037	-3.65128078659668	-1.22143012812531	-1.52302421827204	-0.336969220739653	1.77170570371906	-1.66829480065622	0.55618642113402	1.84255369705313	0.0776361626082581	-0.514977033231746	0.579686901741755	0.497372365055855	-0.696882863329715	-1.19836748230286	-0.0794800589836512	-0.310214885655558	-0.606711886198411	0.368425641918905	1.18331080443792	-0.491650532795329	0.893769572001894	2.54701500075147	-0.548727315168031	0.886878564517558	0.950386337181899	-0.327346018072952	-0.246211810813138	-0.342310451607687	-0.658978235794881	0.823160604819506	-0.832776990590685	-0.672211821917099	normal	Geometric Segment	Scan_06	Pt_06
DSP-1002510007866-C-F01.dcc	11.1588441555364	11.5468052293592	-5.84298292097928	-9.78098632177262	-1.02976079830942	6.14889463596221	2.77036734048888	1.09560592440354	-0.829887768363065	-2.61624367553683	-0.176501111998843	0.38156271930851	-0.16273726846651	-1.99408531053169	-1.46557619226548	0.718520325608735	0.517473347138185	-0.939106010637799	-3.77175532199705	-0.751809341928744	-0.0264590030319168	-1.77482739478367	-0.472373891182155	-0.825627269386102	-0.0199436247214598	0.99903755453894	0.0899640860677148	0.184710868117378	-0.38085767616702	-0.0172359312829094	0.363375487507235	1.9476924880326	1.47695811979043	-0.190072450511067	-1.65239807377347	-0.721078660581047	-0.51411730073527	-0.0840518958505633	-1.09338935129756	0.699811573118049	0.0524692036679517	-0.591061049998152	0.34225199512923	-0.312237074563316	-0.68293429698383	-0.0822214885997985	-0.29295054144861	0.348195707270959	-0.0213842775995893	0.413868913757994	normal	Geometric Segment	Scan_06	Pt_06
DSP-1002510007866-C-F02.dcc	13.2841982778878	9.44554192535064	-6.78020449814548	-10.5817459814262	-0.460889325850388	5.71212524004488	2.61180824113046	0.658994512279232	-1.08490884489396	-0.0644677791030744	0.778993226990985	-0.0101109937408051	-0.457585041297716	-1.89714077529991	-1.63056736538114	-1.12715275423399	0.810366660248694	0.090836776455797	-3.21065449328493	-1.84848518896802	-1.49277248209535	-0.539022995413699	1.02001938990939	-0.146134566338003	0.956596817478791	1.32331578257688	-0.366028465150233	0.723095695095867	0.48329165204351	0.863387212438211	0.754714383179563	0.832977118163793	0.695425638187925	0.0711082542787372	-0.205884772394712	0.34954454315498	0.362491890109344	-0.403790996502777	-0.818202563762296	0.607839114903614	0.261374523283824	0.0723092871908817	-0.0705811421343139	-0.0576280201456065	0.385513153324861	0.0869276216661953	-0.0390259349689645	0.955909641328465	0.132782084750602	0.318833838391605	normal	Geometric Segment	Scan_06	Pt_06
DSP-1002510007866-C-F03.dcc	11.6315109759699	10.1947109896649	-3.98677438883668	-10.8062583447775	0.356768550560999	6.27733982702082	1.1100164633022	1.80021852517432	0.195693862673191	0.276154279700396	1.4291270679092	-1.89149882766944	-0.351272246397184	-2.49343675861076	-3.91916413772653	0.572000892178959	-0.536302526215255	-0.485174682556983	-1.00988973110563	-0.908856885817749	-0.37168133052196	-0.145443920884328	-1.0870140538334	-0.885682512619291	1.35840639275289	-1.08375127131155	1.65315462960607	-1.68218739287158	1.61546976552947	0.26091055931095	-1.55810898222587	-2.15232314580358	-2.72832501264819	1.10196130103231	-0.873012785891832	-1.16064406295972	0.980852039491735	0.867434531885795	-2.34100435521005	0.0372821045071208	0.534456541536558	0.625896366212379	-1.21981302066858	0.380032581270698	0.0447760032575795	-0.894644502520692	0.367315076568796	-1.79115980373988	-0.49849454031164	-0.311786587935262	normal	Geometric Segment	Scan_06	Pt_06
DSP-1002510007866-C-F04.dcc	11.2695538430061	10.0000171541434	-6.08282996815373	-10.6489401804229	-1.46023487408644	5.82887466940558	2.47411391778744	1.26025538931718	-0.472373979090656	-1.72870155000689	0.352537075578059	-0.844804551781711	-1.37097348092526	-2.88168314818375	-3.31345432815711	-0.388175257002382	-0.603392209632899	-0.989711222619197	-3.82853571327901	-1.7058356516221	-0.876063547837144	0.16231787914516	-0.0497407853861105	-0.186962528608291	0.0296712573789579	-0.0508780674961042	-0.153998434373913	1.22323778868049	0.414197241391105	0.0146236491868044	0.187468184287189	1.93013977155848	-0.0845392762713792	-0.216443789269993	0.206174372369003	0.156231318426196	-0.855061461374277	-0.61474208151387	1.06645491302758	-0.772227894356103	-0.684258396747139	0.0188959022810514	-1.20657044544192	0.453502589005838	-0.564190301822557	-0.31181859283528	-1.04800384388862	0.595666884995761	-0.0595599892461367	-0.259467677677324	normal	Geometric Segment	Scan_06	Pt_06
DSP-1002510007866-C-F05.dcc	8.915453947631	12.1350901580342	-4.7826947369579	-9.5721687196295	-1.51896983360353	5.78155113711099	1.72997068477305	1.45341831830097	-0.606184907649778	-0.460224926273982	0.458038978835145	-0.957035799572203	-2.04768085183627	-2.41985757362722	-3.38977835230027	1.40537085889073	-1.42253282652861	-1.18064216811605	-2.86873819131211	-0.438476078284354	0.114632741382544	-0.00939137134331075	-1.8966070933622	-0.922015501049975	0.295056706961612	1.5482269933237	-0.721476848423272	0.732570970944445	0.613605785688881	-1.66768798676678	-0.197180455283399	0.255939342889074	1.71967266058329	0.804436930919958	0.159562659630387	1.02027232045538	-0.682451215323814	0.905906429811201	1.18002447243639	-0.274303445567496	-0.600280306540249	-1.19494125233714	-0.534185184357859	0.351160803368087	-1.28775074311103	0.496017971171699	-0.074635185568917	0.171442185841788	0.377051297934099	2.51954596487863	normal	Geometric Segment	Scan_06	Pt_06
DSP-1002510007866-C-F06.dcc	5.75987418683087	10.1958022757426	-5.03780102719197	-8.25498787445507	-0.910528290075274	7.88042674900695	-1.29467248666122	-4.23265906174262	-0.132734410977682	4.16415236591829	0.170941382436944	-0.727880141745532	-2.05749591139705	-3.69372291919088	3.8790910219786	2.63522274356754	0.855745719458914	5.56774014692321	-0.376111949661194	1.57339994154137	-5.77948697899785	1.02890516711667	-1.75616549926977	4.62569207260469	3.6058215557506	0.457697454175246	-0.527541494914429	-2.62457739977582	-4.35155135860393	-0.850583728409347	-1.14443224406875	-0.710325481620396	1.63790437571239	0.337396666588719	1.6773001363096	-2.2258212315849	0.00596105973863171	0.0369816106857896	-1.30531927879015	-0.664869759664607	1.850643373156	0.206311018154362	-1.94923110946991	-2.05209283842513	-0.759201094472813	1.29143639657939	1.08599944818913	-0.565944859821152	0.641151713986903	-0.130577180625998	normal	Geometric Segment	Scan_06	Pt_06
DSP-1002510007866-C-F07.dcc	14.9496812673286	10.3700052826881	-3.87225276523915	-10.9211120017216	-1.14253706016684	4.67176334502667	-1.7719645680453	-0.915492818935614	-1.13652290441682	2.97443600163317	5.06784224523901	-0.450506079825852	2.01381245507796	-2.19986278915522	2.42510593819986	-2.88745260894683	-0.629445067028021	-1.9825245398443	-4.24199124446696	-0.970246162585616	-3.48641538284544	-0.979201380727118	1.97954728755696	0.3096200509812	-2.35299070183335	-0.44928691835455	1.94889404183593	0.61894003651476	-0.31148234145641	1.28159025245446	2.56225936099217	-3.45038131683154	-1.97898383835994	0.509731570101292	2.43780783752689	-0.530175432791383	0.908573965527922	-0.371268368933874	-0.0223813673284743	-0.43470459975552	2.57090295279025	1.35627160479199	-0.532419438808235	1.76594331875295	2.81192474824471	0.137383796476221	-0.651438932050468	-0.983219311746761	-0.278931559201924	0.211388755866768	normal	Geometric Segment	Scan_06	Pt_06
DSP-1002510007866-C-G10.dcc	-23.7443605043034	-7.95441510137078	1.40455655204047	-1.25010733300597	0.607540674819986	5.41882689301171	-6.89953858136857	-4.24789640630744	-0.888301495794777	-3.09894797606052	-1.6611542760033	0.135447046341668	-0.979259271927159	0.116615228995136	-2.15662887940986	0.179281127892057	-1.58279282071762	0.179708048135058	0.0908056394606483	0.54934201095863	1.16568191277695	3.25917732867843	-2.6946881241619	1.40813004674816	-0.870258868489896	-1.14123851195757	1.96440591267974	-0.20157737061587	-4.13822447416675	-3.01378821946434	2.27276337438286	0.180478252955691	0.765046323224016	2.57470304346046	-1.49143869329216	-0.488962089773836	-1.98414409162585	1.6347147513143	2.24383124956864	2.30259993998925	-1.51127047209874	1.70472659694312	-0.932569766001185	1.83344601358494	-0.0631702094667855	-2.78402980449232	-2.58297939063606	-0.67732550132934	-0.574232210599616	-0.766040284463104	DKD	PanCK+	Scan_07	Pt_07
DSP-1002510007866-C-G11.dcc	-20.5407574550352	10.5905809853636	8.85802402650999	5.56965205096119	1.85038052434107	1.10494900168675	-5.48340290892403	0.0105004157414242	-2.24646289639607	1.87057519877875	1.92374038259695	-2.03430600808357	3.12217525209197	-4.12564256752396	-1.22666304996385	0.488575108087101	1.73875741747468	-0.530673313061279	-0.015237330476678	1.85210703864778	2.26353084129371	0.61866616760355	0.121229446158892	0.728796115259693	-0.437065760932692	-1.47337902914615	-0.211146531662979	-0.366250238924608	1.20222752801643	0.219390324689146	0.303053559753675	1.52334251475867	0.828132899022447	-1.35010476750513	0.271575533384087	-1.03974134210712	0.151242304804365	1.41966779468572	-2.0060557162985	0.770486689545135	0.354705168586898	1.43768989873184	-0.945113367822139	1.93549650789582	-0.998941601879045	0.265929448283901	0.453858955543478	-0.0303688936712527	0.312833881646269	-1.63733419245846	DKD	PanCK-	Scan_07	Pt_07
DSP-1002510007866-C-G12.dcc	-26.2163994534662	-8.24012138726801	-3.27110993912184	0.546581339480733	2.41514846750986	-1.24116090217858	-2.97120140295133	-0.440874480296351	-4.16947122531354	-1.849866549656	0.710892681708884	-4.92143284221621	-0.258284829960179	-6.73999451880548	0.855965337368606	2.04576769983077	0.372890582183095	-0.186405221913228	2.76883294082041	0.190447285938023	2.98005790080491	1.25067576749299	1.86877368042037	-6.77682407524981	2.6359804194068	0.824335688223711	0.556370807955936	-1.38307495377305	-6.2691992175827	2.03812416770036	-0.59158752880009	-0.222388917740505	-0.17017066847989	5.15128544678413	-0.0935890798145577	0.816719071936153	-0.184987314671423	-0.336611070486704	-0.0100830891763792	-0.319548643689991	0.560451262292517	-3.34478872678744	-0.237951501381607	1.38117704001643	0.197180976630638	1.29761430854254	-0.180980257784482	-0.300853918873883	0.0489226591163787	1.05746380709658	DKD	PanCK+	Scan_07	Pt_07
DSP-1002510007866-C-H01.dcc	-23.1501593896135	8.9608917797141	7.45271448437449	5.80714205916437	1.84146560559096	-1.34839554887662	-1.23218211621353	-3.66149138798395	-0.892864457028729	2.51482144956375	2.7335999486709	-2.50208364632192	0.225695700069763	-6.77129575855073	1.79009371804528	0.570655570310111	-0.218116779057015	1.26004463506825	0.401344085759321	0.454306315286592	2.8163252987743	1.10285633483511	-0.948348434466545	-0.272030057089245	-0.885708094943109	1.47258741536573	-1.77440357435462	-0.914641447792727	0.692682358553787	1.13682903868421	-0.194294611707524	0.762545981936551	0.344421171266483	-0.79092823138352	1.37926059809732	-0.614040448900873	-0.74921391286049	0.318938918864344	0.69632914894514	1.20150687516565	-1.64859007686293	1.08744402055092	1.70229154630182	1.18688647718995	0.1066230877216	0.0927222181240813	-0.288296513188412	-0.801787637788533	1.30601059526372	-1.66459210169897	DKD	PanCK-	Scan_07	Pt_07
DSP-1002510007866-C-H03.dcc	-24.8169357381233	-8.10856827055182	0.472275649300719	-1.62991264160838	-0.669878930053698	3.68770317525702	-5.17921117447685	-7.22660669219611	0.735192407723579	-4.29851487225789	0.428928056516209	3.93902383581506	-0.0763981328767589	-3.89411650433589	0.332984174218267	-1.43729992017533	-1.27618894616077	-1.17048543465735	0.261488883929055	0.218786557918923	-2.85254816891057	1.59484450844236	-3.57216783472265	0.196691579539634	-2.137072139202	1.25790546875232	-0.793983143732483	0.685279976174831	0.268332413651006	1.55789918485929	-0.467426282423014	-2.07378399094342	-0.645267643406224	0.105877803887796	-1.08185176807403	0.442340409111742	1.23529809939546	-1.53460181034512	0.353214312549116	-1.58069073595251	-1.14021176822851	-2.25114342854426	0.986146792329823	0.695093013218869	0.403977195222454	-0.692512155714572	1.55465161332307	0.666897756874744	1.35945285054081	-0.751657234259577	DKD	PanCK+	Scan_07	Pt_07
DSP-1002510007866-C-H04.dcc	-20.1850209812764	9.04906696527899	9.29174788879098	5.73312821275198	1.5945423880126	-0.302327708813618	-3.73061124917463	0.31504384703291	-2.19526320156602	2.90703417569828	1.6097212999925	-1.39108610637215	1.98392850151203	-5.63120505362888	-0.17329576396782	-1.28961502452968	0.234309964398745	-0.361109678929734	-0.750613776518875	0.576451296054073	1.85812591938031	-0.0674193652256888	-0.825995625671589	0.367638934940052	0.219121677469023	0.497179850791228	-1.63817798662915	-0.427107738158227	0.986699840872645	2.01983204422389	0.577796863735768	1.40413635403	0.612272896773992	-0.74164505163868	-0.492424203208165	-0.00372128759721579	-0.349446046681892	-0.170912297284851	0.138402420200834	0.377926615685295	-1.12367894286323	0.676314492122887	0.302950918897105	0.655972328960997	0.178842110333987	0.935789755744214	0.291608361476082	-0.671858179253126	-0.674893063123498	-1.58600434909632	DKD	PanCK-	Scan_07	Pt_07
DSP-1002510007866-C-H05.dcc	-24.4221487404685	-5.85946479254029	0.471436204151745	-4.52518856385048	0.727682133849286	1.48198006602305	-5.68982483937265	-8.89069464361957	1.25222100154515	-5.32762699927775	0.08177878245551	-1.79087447114738	-0.40094698789861	-4.02127590567044	1.04598402785052	0.345098287570036	-0.238539876858506	-0.71879644300273	1.69360314261393	1.44120590095633	-2.6657995765538	-1.06043298158553	1.43447634805709	-0.457102145926067	-0.978836045147096	0.900701538331669	1.51915083442986	0.322326306519687	-0.228090260972735	-1.33732956441417	-2.01480681175723	-0.769395536845891	-0.642362912461733	-1.19990131333989	-1.68129914315734	0.515730700821523	1.53747163951259	-1.05751939890182	0.311349747948706	-0.757876730913627	-0.753631258500888	-0.464644365560753	1.62698305036486	-0.600443068652194	0.445324461002817	-0.19082896084807	-1.32633921053669	0.267404919585938	0.679363294851904	0.504417500840381	DKD	PanCK+	Scan_07	Pt_07
DSP-1002510007866-C-H06.dcc	-19.451774438694	7.03842818491458	9.11707737889283	3.55286728641835	1.17904023882288	-0.269252617316306	-4.08027840029538	-2.13809706663283	-2.41752895422324	1.33430887583332	0.924920100642632	-3.96675416599326	2.05650460869265	-4.4746514880407	-0.597708535512899	-0.411994846238777	0.589320543049469	0.970330228165895	0.0242079398798322	2.14685970000496	1.10759723238219	0.285531173776619	-0.0218417129494557	-0.444859346333179	-0.426289611777234	0.0785675140789765	-0.334988389843464	0.221649555177606	0.752384785822734	-0.127701350749872	-1.49883829314645	1.35412460481999	0.102424073527727	-1.03521730693484	-0.144552366701401	-0.367591286524541	-0.374232599744563	0.62720338679935	-0.823210989866476	0.012972355488067	0.0165171425997868	0.8911788290147	0.638496415068661	0.226887254309114	-0.209475485357397	-0.081210362041671	0.23480260181361	-0.404578448194018	-0.0212290529730057	-0.667877798364081	DKD	PanCK-	Scan_07	Pt_07
DSP-1002510007866-C-H07.dcc	-23.9336473714352	-6.1068372698231	2.625667023025	-2.90037319701475	0.417224919089389	1.39142316729308	-6.9757082806958	-7.32986504437992	-0.733096512420061	-3.47745851523972	-0.984017205886985	0.240117307605621	0.484146559844019	-3.15238052552512	-1.28564866971965	-2.51074721014338	0.218706520270879	-0.255415510144155	-0.440361115746949	3.38579827446096	-0.19022519462064	-2.02406913457252	0.854048909120632	-0.148129425259017	-4.72610942127161	-4.47052776805067	-1.63922266808592	0.243955665820504	-2.07379599124812	0.581301653706795	-0.360133170537039	-2.64265456791271	-2.68915661572238	-1.7668643164344	-0.757986148873122	0.369647273295505	-2.56917450620707	-2.30384142205147	1.45727997361566	2.50298034445219	0.971092860461039	1.03598272055918	-3.06611884812372	-0.969570696214309	-0.707050254087413	-0.482566111148243	1.77405560425869	1.09335530957343	1.27936662797953	2.60665383421551	DKD	PanCK+	Scan_07	Pt_07
DSP-1002510007866-C-H08.dcc	-20.1175585088961	5.08793777552783	10.3806781779193	0.353480094102625	1.23574451517935	0.72188524840389	-7.27767891895439	-3.88900182424243	-0.924839272490876	0.776259004296251	2.59771423000002	-3.37978488467513	1.27062232516195	-3.06503616504805	-0.126251020722526	1.89169032856247	2.23049810466129	-0.189540581829872	-0.0788800273948993	2.69858726542638	1.25280131156201	0.643821594372593	2.51744870378958	2.59005216863235	-1.99600373953151	-1.48790522955755	0.342365098107241	0.324813107740239	2.47396609389353	-1.40136139162969	-0.404139570119499	0.729258457633116	0.197455604043603	-0.389458997435681	0.774824776409958	-1.0800162240186	-0.357834361809098	0.588110702456291	-1.72732631921117	-1.34577819508401	1.08089327896612	0.638331151616138	0.233471284226998	0.481733541477096	-1.44600804059848	-0.0770111977596637	0.00999527971097306	1.17659798224884	-0.0165850956253297	0.73259035408899	DKD	PanCK-	Scan_07	Pt_07
DSP-1002510007866-C-H09.dcc	-21.2888499949437	-6.57992492197797	2.65982671078516	-0.379788525920029	-0.216502826604534	4.2974368165601	-3.40294546159474	-8.39453200972974	-0.723766857045147	-4.38156865378165	-3.70143249271999	-0.248637316539431	-1.10292079637484	-1.80126785520326	1.01241595552523	0.167512076450321	-1.9554140803705	-2.81541690618408	0.842515703364535	-0.550992279093157	-0.684104135132646	0.0151216303305799	-1.70704141690872	-1.82631589123174	1.20449651151633	1.42344895258244	-0.0841311066799977	4.08563942166036	1.89040125078829	-4.58175652140223	0.827099238913527	-1.42077705078336	2.00722217228678	-2.55764835540176	2.77328792019264	-0.867219186294769	2.49454344473392	4.26695523733931	1.36395490279037	0.63295139451822	-0.955612030823225	-2.05353242806173	0.436136049027152	0.105063202404427	0.503337341600803	0.668373906481953	0.770195361957685	-2.06848713545273	0.676098568886584	0.876956234555629	DKD	PanCK+	Scan_07	Pt_07
DSP-1002510007866-C-H10.dcc	-20.6878603340089	7.34225227800458	7.07381978237156	4.73369404352728	0.549674124833989	0.939842179062102	-2.07683374680921	-1.97444425473005	-1.83834700556477	-0.22299029015196	-1.65227953775466	-3.49108531591008	1.43682046337411	-2.73480905805709	-0.185912544568529	-0.714406528631106	-0.55746223287539	-1.16988465063077	0.321304277517017	1.54376260704794	1.31680679101858	-0.300301148676015	0.360869181104354	-0.147021067747208	-0.152817237908313	0.358378148701037	-1.25275859638511	1.24993605845594	0.679959591975474	0.914601001025814	0.311183740081993	0.278362644043105	1.65915004210819	-1.42459722832883	0.704381711749971	-1.11156222107241	0.30495448853974	0.0359284642702803	-0.630527036300295	-0.164988412482364	-0.556836628339835	0.40843104560751	-0.0216872901956765	-0.242079594582146	-0.313408638412459	1.74623198580121	-0.373672963975792	-1.27412653759439	-0.772570121444437	-0.923522870487902	DKD	PanCK-	Scan_07	Pt_07
DSP-1002510007866-C-H11.dcc	2.34862992191569	-0.964075047098545	3.94648052254531	-0.425004636032603	2.99496203690455	2.12267071406087	-0.0261252181499472	-4.04837906569413	-1.66155403940622	-4.64574663431947	2.87274377551096	-3.40155635524104	5.18144835179639	-2.38792598958238	-4.85545400646057	-0.240639646905372	0.584174227796772	-2.62683959488098	5.09716272218653	-5.23709665146288	-0.1726639961927	0.964258890012747	1.20681598323913	2.59367593118163	4.27017765373973	4.38711236439613	0.584674760830546	-1.49069502430525	2.35470650125998	0.241865587462354	2.96174622713751	1.05346748241074	-0.384124697068379	-0.805214207639804	-1.40610942312898	2.73705876395944	0.00188603298204219	-1.41620964250616	2.13503814702348	-0.165286250205452	3.76513199818656	0.00389983967442904	-0.296491807475439	0.802910277887747	-1.49326046710036	1.31074668633658	0.379153307292981	1.19313419868865	0.884632184180832	0.196868990932117	DKD	Geometric Segment	Scan_07	Pt_07
DSP-1002510007866-C-H12.dcc	9.21332181421512	1.47454700447134	1.04251140561501	-1.61343445818663	1.76885156629425	2.03016414407723	-2.90961469331495	-2.96369318075715	-1.83670221654097	-2.69055752980534	-1.47811020885414	-1.86107837518661	1.90872022143593	-1.42145638740552	-2.24491917217154	2.26814824093639	-0.24737699806534	-0.963483622925383	3.51469932070603	-1.88792869443421	1.96949441376015	1.41211080672652	2.8854865443072	6.71675432008574	2.26777513243608	-0.378881141297285	-2.39557758228201	-0.978341018479676	0.31651718596414	2.92667272894441	2.18799647419796	-1.47776665009578	-0.84249266964805	0.69841533565852	-1.14115472376852	-3.504173868488	0.204789876197777	0.598549361676087	0.985910640689959	-3.08508118484757	-1.42137710967229	-0.81226492961995	-0.289797060512723	-2.17435144409557	1.07958954006274	-2.96759095443327	-0.62385021836915	-0.178207594365319	-1.52719563295056	0.838436110697945	DKD	Geometric Segment	Scan_07	Pt_07
